This is LuaHBTeX, Version 1.24.0 (TeX Live 2026)  (format=lualatex 2026.7.13)  22 JUL 2026 19:02
 restricted system commands enabled.
**main.tex
(./main.tex
LaTeX2e <2026-06-01>
L3 programming layer <2026-06-18>
Lua module: luaotfload 2024-12-03 v3.29 Lua based OpenType font support
Lua module: lualibs 2023-07-13 v2.76 ConTeXt Lua standard libraries.
Lua module: lualibs-extended 2023-07-13 v2.76 ConTeXt Lua libraries -- extended collection.
luaotfload | conf : Root cache directory is "/Users/hasegawalab_mac/Library/TinyTeX/texmf-var/luatex-cache/generic/names".
luaotfload | init : Loading fontloader "fontloader-2023-12-28.lua" from kpse-resolved path "/Users/hasegawalab_mac/Library/TinyTeX/texmf-dist/tex/luatex/luaotfload/fontloader-2023-12-28.lua".
Lua-only attribute luaotfload@noligature = 1
luaotfload | init : Context OpenType loader version 3.134
Inserting `luaotfload.node_processor' in `pre_linebreak_filter'.
Inserting `luaotfload.node_processor' in `hpack_filter'.
Inserting `luaotfload.glyph_stream' in `glyph_stream_provider'.
Inserting `luaotfload.define_font' in `define_font'.
Lua-only attribute luaotfload_color_attribute = 2
luaotfload | conf : Root cache directory is "/Users/hasegawalab_mac/Library/TinyTeX/texmf-var/luatex-cache/generic/names".
Inserting `luaotfload.harf.strip_prefix' in `find_opentype_file'.
Inserting `luaotfload.harf.strip_prefix' in `find_truetype_file'.
Removing  `luaotfload.glyph_stream' from `glyph_stream_provider'.
Inserting `luaotfload.harf.glyphstream' in `glyph_stream_provider'.
Inserting `luaotfload.harf.finalize_vlist' in `post_linebreak_filter'.
Inserting `luaotfload.harf.finalize_hlist' in `hpack_filter'.
Inserting `luaotfload.cleanup_files' in `wrapup_run'.
Inserting `luaotfload.harf.finalize_unicode' in `finish_pdffile'.
Inserting `luaotfload.glyphinfo' in `glyph_info'.
Lua-only attribute luaotfload.letterspace_done = 3
Inserting `luaotfload.aux.set_sscale_dimens' in `luaotfload.patch_font'.
Inserting `luaotfload.aux.set_font_index' in `luaotfload.patch_font'.
Inserting `luaotfload.aux.patch_cambria_domh' in `luaotfload.patch_font'.
Inserting `luaotfload.aux.fixup_fontdata' in `luaotfload.patch_font_unsafe'.
Inserting `luaotfload.aux.set_capheight' in `luaotfload.patch_font'.
Inserting `luaotfload.aux.set_xheight' in `luaotfload.patch_font'.
Inserting `luaotfload.rewrite_fontname' in `luaotfload.patch_font'.
Inserting `tracingstacklevels' in `input_level_string'. (/Users/hasegawalab_mac/Library/TinyTeX/texmf-dist/tex/latex/jlreq/jlreq.cls
Document Class: jlreq 2025/3/16 jlreq
(/Users/hasegawalab_mac/Library/TinyTeX/texmf-dist/tex/latex/jlreq/jlreq-helpers.sty
Package: jlreq-helpers 2024/02/13 jlreq-helpers
\jlreq@tempcnta=\count274
\jlreq@tempcntb=\count275
\jlreq@tempcntc=\count276
\jlreq@tempdima=\dimen149
\jlreq@tempdimb=\dimen150
\jlreq@tempdimc=\dimen151
\jlreq@tempskipa=\skip49
\jlreq@tempskipb=\skip50
\jlreq@tempskipc=\skip51
\jlreq@tempboxa=\box53
\jlreq@tempboxb=\box54
\jlreq@tempboxc=\box55
\jlreq@resultdimen=\dimen152
\jlreq@resultskip=\skip52
\jlreq@resultbox=\box56
\jlreq@resultcnt=\count277
\jlreq@reference@count=\count278
\jlreq@currentpage=\count279
)
\l__jlreq_tmpa_int=\count280
\l__jlreq_tmpb_int=\count281
\l__jlreq_tmpc_int=\count282
\l__jlreq_tmpa_dim=\dimen153
\l__jlreq_tmpb_dim=\dimen154
\l__jlreq_tmpc_dim=\dimen155
\l__jlreq_tmpa_skip=\skip53
\l__jlreq_tmpb_skip=\skip54
\l__jlreq_tmpc_skip=\skip55
\l__jlreq_tmpa_box=\box57
\l__jlreq_tmpb_box=\box58
\l__jlreq_tmpc_box=\box59
 jlreq guessed engine: lualatex (/Users/hasegawalab_mac/Library/TinyTeX/texmf-dist/tex/luatex/luatexja/luatexja.sty
Package: luatexja 2026-05-17 Japanese Typesetting with Lua(La)TeX
 (/Users/hasegawalab_mac/Library/TinyTeX/texmf-dist/tex/luatex/luatexja/luatexja-core.sty
Package: luatexja-core 2023-10-07 Core of LuaTeX-ja
 (/Users/hasegawalab_mac/Library/TinyTeX/texmf-dist/tex/generic/infwarerr/infwarerr.sty
Package: infwarerr 2019/12/03 v1.5 Providing info/warning/error messages (HO)
) (/Users/hasegawalab_mac/Library/TinyTeX/texmf-dist/tex/luatex/luatexbase/luatexbase.sty
Package: luatexbase 2015/10/04 v1.3 luatexbase interface to LuaTeX 
 (/Users/hasegawalab_mac/Library/TinyTeX/texmf-dist/tex/luatex/ctablestack/ctablestack.sty
Package: ctablestack 2015/10/01 v1.0 Catcode table stable support
\@catcodetablestackcnt=\count283
)
\CatcodeTableOther=\catcodetable14
\CatcodeTableExpl=\catcodetable15
) (/Users/hasegawalab_mac/Library/TinyTeX/texmf-dist/tex/generic/ltxcmds/ltxcmds.sty
Package: ltxcmds 2023-12-04 v1.26 LaTeX kernel commands for general use (HO)
) (/Users/hasegawalab_mac/Library/TinyTeX/texmf-dist/tex/generic/pdftexcmds/pdftexcmds.sty
Package: pdftexcmds 2020-06-27 v0.33 Utility functions of pdfTeX for LuaTeX (HO)
 (/Users/hasegawalab_mac/Library/TinyTeX/texmf-dist/tex/generic/iftex/iftex.sty
Package: iftex 2024/12/12 v1.0g TeX engine tests
)
Package pdftexcmds Info: \pdf@primitive is available.
Package pdftexcmds Info: \pdf@ifprimitive is available.
Package pdftexcmds Info: \pdfdraftmode found.
\pdftexcmds@toks=\toks17
) (/Users/hasegawalab_mac/Library/TinyTeX/texmf-dist/tex/latex/xkeyval/xkeyval.sty
Package: xkeyval 2025/11/04 v2.10 package option processing (HA)
 (/Users/hasegawalab_mac/Library/TinyTeX/texmf-dist/tex/generic/xkeyval/xkeyval.tex (/Users/hasegawalab_mac/Library/TinyTeX/texmf-dist/tex/generic/xkeyval/xkvutils.tex
\XKV@toks=\toks18
\XKV@tempa@toks=\toks19
\XKV@tempb@toks=\toks20
 (/Users/hasegawalab_mac/Library/TinyTeX/texmf-dist/tex/generic/xkeyval/keyval.tex))
\XKV@depth=\count284
File: xkeyval.tex 2014/12/03 v2.7a key=value parser (HA)
)) (/Users/hasegawalab_mac/Library/TinyTeX/texmf-dist/tex/latex/etoolbox/etoolbox.sty
Package: etoolbox 2025/10/02 v2.5m e-TeX tools for LaTeX (JAW)
\etb@tempcnta=\count285
)
\ltjlineendcomment=\count286
\ltj@dimen@zw=\dimen156
\ltj@dimen@zh=\dimen157
\ltj@dimen@jQ=\dimen158
\ltj@icflag=\attribute4
\ltj@curjfnt=\attribute5
\ltj@curtfnt=\attribute6
\ltj@charclass=\attribute7
\ltj@charcode=\attribute8
\ltj@autospc=\attribute9
\ltj@autoxspc=\attribute10
\ltj@yablshift=\attribute11
\ltj@ykblshift=\attribute12
\ltj@tablshift=\attribute13
\ltj@tkblshift=\attribute14
\jfam=\attribute15
\ltj@vert@ori=\attribute16
\ltj@dir=\attribute17
\ltj@@japanese=\language2
\ltj@tempcnta=\count287
\ltj@tempdima=\dimen159
\ltj@@stack=\count288
\ltj@@group@level=\count289
\ltj@kcat0=\attribute18
\ltj@kcat1=\attribute19
\ltj@kcat2=\attribute20
\ltj@kcat3=\attribute21
\ltj@kcat4=\attribute22
\ltj@kcat5=\attribute23
\ltj@kcat6=\attribute24
Custom whatsit inhibitglue = 1
Custom whatsit stack_marker = 2
Custom whatsit begin_par = 3
Custom whatsit direction = 4
Custom whatsit box_boundary = 5
Custom whatsit ja_al_boundary = 6(load cache: ltj-cid-auto-adobe-japan1.luc)
Lua module: luatexja.charrange 2022-08-19 Handling the range of Japanese characters
Lua module: luatexja.stack 2022-08-20 LuaTeX-ja stack system
Inserting `ltj.create_dir_whatsit' in `hpack_filter'.
Inserting `ltj.create_dir_whatsit' in `post_linebreak_filter'.
Inserting `ltj.direction' in `vpack_filter'.
Inserting `ltj.direction' in `pre_output_filter'.
Inserting `ltj.lineskip' in `post_linebreak_filter'.
Inserting `ltj.lineskip' in `append_to_vlist_filter'.
Lua module: luatexja.jfont 2025-05-04 Loader for Japanese fonts
Removing  `luaotfload.define_font' from `define_font'.
Inserting `luatexja.font_callback' in `define_font'.
Removing  `luaotfload.aux.set_sscale_dimens' from `luaotfload.patch_font'.
Removing  `luaotfload.aux.set_font_index' from `luaotfload.patch_font'.
Removing  `luaotfload.aux.patch_cambria_domh' from `luaotfload.patch_font'.
Removing  `luaotfload.aux.set_capheight' from `luaotfload.patch_font'.
Removing  `luaotfload.aux.set_xheight' from `luaotfload.patch_font'.
Removing  `luaotfload.rewrite_fontname' from `luaotfload.patch_font'.
Inserting `ltj.prepare_extra_data' in `luaotfload.patch_font'.
Inserting `luaotfload.aux.set_sscale_dimens' in `luaotfload.patch_font'.
Inserting `luaotfload.aux.set_font_index' in `luaotfload.patch_font'.
Inserting `luaotfload.aux.patch_cambria_domh' in `luaotfload.patch_font'.
Inserting `luaotfload.aux.set_capheight' in `luaotfload.patch_font'.
Inserting `luaotfload.aux.set_xheight' in `luaotfload.patch_font'.
Inserting `luaotfload.rewrite_fontname' in `luaotfload.patch_font'.
Inserting `ltj.prepare_extra_data' in `luatexja.define_font'.
Inserting `ltj.get_vert_form' in `luatexja.define_jfont'.
Removing  `ltj.prepare_extra_data' from `luaotfload.patch_font'.
Removing  `luaotfload.aux.set_sscale_dimens' from `luaotfload.patch_font'.
Removing  `luaotfload.aux.set_font_index' from `luaotfload.patch_font'.
Removing  `luaotfload.aux.patch_cambria_domh' from `luaotfload.patch_font'.
Removing  `luaotfload.aux.set_capheight' from `luaotfload.patch_font'.
Removing  `luaotfload.aux.set_xheight' from `luaotfload.patch_font'.
Removing  `luaotfload.rewrite_fontname' from `luaotfload.patch_font'.
Inserting `ltj.supply_tounicode' in `luaotfload.patch_font'.
Inserting `ltj.prepare_extra_data' in `luaotfload.patch_font'.
Inserting `luaotfload.aux.set_sscale_dimens' in `luaotfload.patch_font'.
Inserting `luaotfload.aux.set_font_index' in `luaotfload.patch_font'.
Inserting `luaotfload.aux.patch_cambria_domh' in `luaotfload.patch_font'.
Inserting `luaotfload.aux.set_capheight' in `luaotfload.patch_font'.
Inserting `luaotfload.aux.set_xheight' in `luaotfload.patch_font'.
Inserting `luaotfload.rewrite_fontname' in `luaotfload.patch_font'.
Inserting `ltj.process_input_buffer' in `process_input_buffer'.
Inserting `ltj.hyphenate' in `hyphenate'.
Removing  `luaotfload.node_processor' from `hpack_filter'.
Removing  `luaotfload.harf.finalize_hlist' from `hpack_filter'.
Removing  `ltj.create_dir_whatsit' from `hpack_filter'.
Inserting `ltj.set_stack_level' in `hpack_filter'.
Inserting `luaotfload.node_processor' in `hpack_filter'.
Inserting `luaotfload.harf.finalize_hlist' in `hpack_filter'.
Inserting `ltj.create_dir_whatsit' in `hpack_filter'.
Removing  `luaotfload.node_processor' from `pre_linebreak_filter'.
Inserting `ltj.set_stack_level' in `pre_linebreak_filter'.
Inserting `luaotfload.node_processor' in `pre_linebreak_filter'.
Lua module: luatexja.jfmglue 2026-01-07 Insertion process of JFM glues, [x]kanjiskip and others
Inserting `luatexja.beginpar.np_info' in `luatexja.jfmglue.whatsit_getinfo'.
Inserting `luatexja.beginpar.np_info_after' in `luatexja.jfmglue.whatsit_after'.
Inserting `ltj.mlist_to_hlist_pre' in `pre_mlist_to_hlist_filter'.
Inserting `ltj.main' in `pre_linebreak_filter'.
Removing  `luaotfload.harf.finalize_hlist' from `hpack_filter'.
Removing  `ltj.create_dir_whatsit' from `hpack_filter'.
Inserting `ltj.main' in `hpack_filter'.
Inserting `luaotfload.harf.finalize_hlist' in `hpack_filter'.
Inserting `ltj.create_dir_whatsit' in `hpack_filter'.
Removing  `ltj.set_stack_level' from `pre_linebreak_filter'.
Removing  `luaotfload.node_processor' from `pre_linebreak_filter'.
Removing  `ltj.main' from `pre_linebreak_filter'.
Inserting `ltj.adjust_icflag' in `pre_linebreak_filter'.
Inserting `ltj.set_stack_level' in `pre_linebreak_filter'.
Inserting `luaotfload.node_processor' in `pre_linebreak_filter'.
Inserting `ltj.main' in `pre_linebreak_filter'.
Removing  `ltj.set_stack_level' from `hpack_filter'.
Removing  `luaotfload.node_processor' from `hpack_filter'.
Removing  `ltj.main' from `hpack_filter'.
Removing  `luaotfload.harf.finalize_hlist' from `hpack_filter'.
Removing  `ltj.create_dir_whatsit' from `hpack_filter'.
Inserting `ltj.adjust_icflag' in `hpack_filter'.
Inserting `ltj.set_stack_level' in `hpack_filter'.
Inserting `luaotfload.node_processor' in `hpack_filter'.
Inserting `ltj.main' in `hpack_filter'.
Inserting `luaotfload.harf.finalize_hlist' in `hpack_filter'.
Inserting `ltj.create_dir_whatsit' in `hpack_filter'. (/Users/hasegawalab_mac/Library/TinyTeX/texmf-dist/tex/luatex/luatexja/ltj-base.sty
Package: ltj-base 2021-03-16
\ltj@tempcntb=\count290
\ltj@tempcntc=\count291
\ltj@afbox=\box60
)
\ltj@@italic@inner=\luafunction31
\ltj@@start@time@measure@inner=\luafunction32
\ltj@@stop@time@measure@inner=\luafunction33
\ltj@@jfont@inner=\luafunction34
\ltj@zw@inner=\luafunction35
\ltj@zh@inner=\luafunction36
\ltj@reset@globaldefs@inner=\luafunction37
\ltj@restore@globaldefs@inner=\luafunction38
\ltj@@disihb@inner=\luafunction39
\ltj@@ihb@inner=\luafunction40
\ltj@@fakeparbegin@inner=\luafunction41
\ltj@@fakeboxbdd@inner=\luafunction42
\ltj@@ins@xk@inner=\luafunction43
\ltj@@ins@k@inner=\luafunction44
\ltjsetkanjiskip@inner=\luafunction45
\ltjsetxkanjiskip@inner=\luafunction46
\ltj@@getparam@one@inner=\luafunction47
\ltj@alljachar@inner=\luafunction48
\ltj@@lua@populate@insertwhatsit@inner=\luafunction49
\ltj@@vadjust@begin@inner=\luafunction50
\ltj@@vadjust@dirhook@inner=\luafunction51
\ltj@@vadjust@check@dir@inner=\luafunction52
\ltj@@box@dirhook@inner=\luafunction53
\ltj@@reset@badness@inner=\luafunction54
\ltj@@i@everyhbox=\toks21
\ltj@@i@everyvbox=\toks22
\ltj@@lua@raisebox@inner=\luafunction55
\ltj@@vsplit@inner=\luafunction56
\ltj@@lua@unboxcheckdir@inner=\luafunction57
\ltj@@lua@uncopycheckdir@inner=\luafunction58
\ltj@@lua@uncopy@restore@whatsit@inner=\luafunction59
(load cache: ltj-kinsoku_default.luc) (/Users/hasegawalab_mac/Library/TinyTeX/texmf-dist/tex/luatex/luatexja/ltj-latex.sty
Package: ltj-latex 2026-05-17 LaTeX support of LuaTeX-ja
Inserting `ltj.direction' in `pre_shipout_filter'. (/Users/hasegawalab_mac/Library/TinyTeX/texmf-dist/tex/luatex/luatexja/patches/lltjfont.sty
Package: lltjfont 2026-03-15 Patch to NFSS2 for LuaTeX-ja
\ltj@@latex@plv=\count292
 (/Users/hasegawalab_mac/Library/TinyTeX/texmf-dist/tex/latex/base/tuenc.def
File: tuenc.def 2025/07/18 v2.1d Standard LaTeX file
\@remove@tlig@@@=\luafunction60
LaTeX Font Info:    Redeclaring font encoding TU on input line 105.
LaTeX Encoding Info:    Redeclaring text command \textquotesingle (encoding TU) on input line 148.
LaTeX Encoding Info:    Redeclaring text command \textasciigrave (encoding TU) on input line 149.
LaTeX Encoding Info:    Redeclaring text command \textquotedbl (encoding TU) on input line 150.
LaTeX Encoding Info:    Redeclaring text command \textdollar (encoding TU) on input line 151.
LaTeX Encoding Info:    Redeclaring text command \textless (encoding TU) on input line 152.
LaTeX Encoding Info:    Redeclaring text command \textgreater (encoding TU) on input line 153.
LaTeX Encoding Info:    Redeclaring text command \textbackslash (encoding TU) on input line 154.
LaTeX Encoding Info:    Redeclaring text command \textasciicircum (encoding TU) on input line 155.
LaTeX Encoding Info:    Redeclaring text command \textunderscore (encoding TU) on input line 156.
LaTeX Encoding Info:    Redeclaring text command \textbraceleft (encoding TU) on input line 157.
LaTeX Encoding Info:    Redeclaring text command \textbar (encoding TU) on input line 158.
LaTeX Encoding Info:    Redeclaring text command \textbraceright (encoding TU) on input line 159.
LaTeX Encoding Info:    Redeclaring text command \textasciitilde (encoding TU) on input line 160.
LaTeX Encoding Info:    Redeclaring text command \textexclamdown (encoding TU) on input line 161.
LaTeX Encoding Info:    Redeclaring text command \textcent (encoding TU) on input line 162.
LaTeX Encoding Info:    Redeclaring text command \textsterling (encoding TU) on input line 163.
LaTeX Encoding Info:    Redeclaring text command \textcurrency (encoding TU) on input line 164.
LaTeX Encoding Info:    Redeclaring text command \textyen (encoding TU) on input line 165.
LaTeX Encoding Info:    Redeclaring text command \textbrokenbar (encoding TU) on input line 166.
LaTeX Encoding Info:    Redeclaring text command \textsection (encoding TU) on input line 167.
LaTeX Encoding Info:    Redeclaring text command \textasciidieresis (encoding TU) on input line 168.
LaTeX Encoding Info:    Redeclaring text command \textcopyright (encoding TU) on input line 169.
LaTeX Encoding Info:    Redeclaring text command \textordfeminine (encoding TU) on input line 170.
LaTeX Encoding Info:    Redeclaring text command \guillemetleft (encoding TU) on input line 171.
LaTeX Encoding Info:    Redeclaring text command \guillemotleft (encoding TU) on input line 172.
LaTeX Encoding Info:    Redeclaring text command \textlnot (encoding TU) on input line 173.
LaTeX Encoding Info:    Redeclaring text command \textregistered (encoding TU) on input line 174.
LaTeX Encoding Info:    Redeclaring text command \textasciimacron (encoding TU) on input line 175.
LaTeX Encoding Info:    Redeclaring text command \textdegree (encoding TU) on input line 176.
LaTeX Encoding Info:    Redeclaring text command \textpm (encoding TU) on input line 177.
LaTeX Encoding Info:    Redeclaring text command \texttwosuperior (encoding TU) on input line 178.
LaTeX Encoding Info:    Redeclaring text command \textthreesuperior (encoding TU) on input line 179.
LaTeX Encoding Info:    Redeclaring text command \textasciiacute (encoding TU) on input line 180.
LaTeX Encoding Info:    Redeclaring text command \textmu (encoding TU) on input line 181.
LaTeX Encoding Info:    Redeclaring text command \textparagraph (encoding TU) on input line 182.
LaTeX Encoding Info:    Redeclaring text command \textperiodcentered (encoding TU) on input line 183.
LaTeX Encoding Info:    Redeclaring text command \textonesuperior (encoding TU) on input line 184.
LaTeX Encoding Info:    Redeclaring text command \textordmasculine (encoding TU) on input line 185.
LaTeX Encoding Info:    Redeclaring text command \guillemetright (encoding TU) on input line 186.
LaTeX Encoding Info:    Redeclaring text command \guillemotright (encoding TU) on input line 187.
LaTeX Encoding Info:    Redeclaring text command \textonequarter (encoding TU) on input line 188.
LaTeX Encoding Info:    Redeclaring text command \textonehalf (encoding TU) on input line 189.
LaTeX Encoding Info:    Redeclaring text command \textthreequarters (encoding TU) on input line 190.
LaTeX Encoding Info:    Redeclaring text command \textquestiondown (encoding TU) on input line 191.
LaTeX Encoding Info:    Redeclaring text command \AE (encoding TU) on input line 192.
LaTeX Encoding Info:    Redeclaring text command \DH (encoding TU) on input line 193.
LaTeX Encoding Info:    Redeclaring text command \texttimes (encoding TU) on input line 194.
LaTeX Encoding Info:    Redeclaring text command \O (encoding TU) on input line 195.
LaTeX Encoding Info:    Redeclaring text command \TH (encoding TU) on input line 196.
LaTeX Encoding Info:    Redeclaring text command \ss (encoding TU) on input line 197.
LaTeX Encoding Info:    Redeclaring text command \ae (encoding TU) on input line 198.
LaTeX Encoding Info:    Redeclaring text command \dh (encoding TU) on input line 199.
LaTeX Encoding Info:    Redeclaring text command \textdiv (encoding TU) on input line 200.
LaTeX Encoding Info:    Redeclaring text command \o (encoding TU) on input line 201.
LaTeX Encoding Info:    Redeclaring text command \th (encoding TU) on input line 202.
LaTeX Encoding Info:    Redeclaring text command \DJ (encoding TU) on input line 203.
LaTeX Encoding Info:    Redeclaring text command \dj (encoding TU) on input line 204.
LaTeX Encoding Info:    Redeclaring text command \i (encoding TU) on input line 205.
LaTeX Encoding Info:    Redeclaring text command \IJ (encoding TU) on input line 206.
LaTeX Encoding Info:    Redeclaring text command \ij (encoding TU) on input line 207.
LaTeX Encoding Info:    Redeclaring text command \L (encoding TU) on input line 208.
LaTeX Encoding Info:    Redeclaring text command \l (encoding TU) on input line 209.
LaTeX Encoding Info:    Redeclaring text command \NG (encoding TU) on input line 210.
LaTeX Encoding Info:    Redeclaring text command \ng (encoding TU) on input line 211.
LaTeX Encoding Info:    Redeclaring text command \OE (encoding TU) on input line 212.
LaTeX Encoding Info:    Redeclaring text command \oe (encoding TU) on input line 213.
LaTeX Encoding Info:    Redeclaring text command \textflorin (encoding TU) on input line 214.
LaTeX Encoding Info:    Redeclaring text command \j (encoding TU) on input line 215.
LaTeX Encoding Info:    Redeclaring text command \textasciicaron (encoding TU) on input line 216.
LaTeX Encoding Info:    Redeclaring text command \textasciibreve (encoding TU) on input line 217.
LaTeX Encoding Info:    Redeclaring text command \textacutedbl (encoding TU) on input line 218.
LaTeX Encoding Info:    Redeclaring text command \textgravedbl (encoding TU) on input line 219.
LaTeX Encoding Info:    Redeclaring text command \texttildelow (encoding TU) on input line 220.
LaTeX Encoding Info:    Redeclaring text command \textbaht (encoding TU) on input line 221.
LaTeX Encoding Info:    Redeclaring text command \SS (encoding TU) on input line 222.
LaTeX Encoding Info:    Redeclaring text command \textcompwordmark (encoding TU) on input line 223.
LaTeX Encoding Info:    Redeclaring text command \textendash (encoding TU) on input line 224.
LaTeX Encoding Info:    Redeclaring text command \textemdash (encoding TU) on input line 225.
LaTeX Encoding Info:    Redeclaring text command \textnonbreakinghyphen (encoding TU) on input line 226.
LaTeX Encoding Info:    Redeclaring text command \textfiguredash (encoding TU) on input line 228.
LaTeX Encoding Info:    Redeclaring text command \texthorizontalbar (encoding TU) on input line 230.
LaTeX Encoding Info:    Redeclaring text command \textbardbl (encoding TU) on input line 232.
LaTeX Encoding Info:    Redeclaring text command \textquoteleft (encoding TU) on input line 233.
LaTeX Encoding Info:    Redeclaring text command \textquoteright (encoding TU) on input line 234.
LaTeX Encoding Info:    Redeclaring text command \quotesinglbase (encoding TU) on input line 235.
LaTeX Encoding Info:    Redeclaring text command \textquotedblleft (encoding TU) on input line 236.
LaTeX Encoding Info:    Redeclaring text command \textquotedblright (encoding TU) on input line 237.
LaTeX Encoding Info:    Redeclaring text command \quotedblbase (encoding TU) on input line 238.
LaTeX Encoding Info:    Redeclaring text command \textdagger (encoding TU) on input line 239.
LaTeX Encoding Info:    Redeclaring text command \textdaggerdbl (encoding TU) on input line 240.
LaTeX Encoding Info:    Redeclaring text command \textbullet (encoding TU) on input line 241.
LaTeX Encoding Info:    Redeclaring text command \textellipsis (encoding TU) on input line 242.
LaTeX Encoding Info:    Redeclaring text command \textperthousand (encoding TU) on input line 243.
LaTeX Encoding Info:    Redeclaring text command \textpertenthousand (encoding TU) on input line 244.
LaTeX Encoding Info:    Redeclaring text command \guilsinglleft (encoding TU) on input line 245.
LaTeX Encoding Info:    Redeclaring text command \guilsinglright (encoding TU) on input line 246.
LaTeX Encoding Info:    Redeclaring text command \textreferencemark (encoding TU) on input line 247.
LaTeX Encoding Info:    Redeclaring text command \textinterrobang (encoding TU) on input line 248.
LaTeX Encoding Info:    Redeclaring text command \textfractionsolidus (encoding TU) on input line 249.
LaTeX Encoding Info:    Redeclaring text command \textlquill (encoding TU) on input line 250.
LaTeX Encoding Info:    Redeclaring text command \textrquill (encoding TU) on input line 251.
LaTeX Encoding Info:    Redeclaring text command \textdiscount (encoding TU) on input line 252.
LaTeX Encoding Info:    Redeclaring text command \textcolonmonetary (encoding TU) on input line 253.
LaTeX Encoding Info:    Redeclaring text command \textlira (encoding TU) on input line 254.
LaTeX Encoding Info:    Redeclaring text command \textnaira (encoding TU) on input line 255.
LaTeX Encoding Info:    Redeclaring text command \textwon (encoding TU) on input line 256.
LaTeX Encoding Info:    Redeclaring text command \textdong (encoding TU) on input line 257.
LaTeX Encoding Info:    Redeclaring text command \texteuro (encoding TU) on input line 258.
LaTeX Encoding Info:    Redeclaring text command \textpeso (encoding TU) on input line 259.
LaTeX Encoding Info:    Redeclaring text command \textcelsius (encoding TU) on input line 260.
LaTeX Encoding Info:    Redeclaring text command \textnumero (encoding TU) on input line 261.
LaTeX Encoding Info:    Redeclaring text command \textcircledP (encoding TU) on input line 262.
LaTeX Encoding Info:    Redeclaring text command \textrecipe (encoding TU) on input line 263.
LaTeX Encoding Info:    Redeclaring text command \textservicemark (encoding TU) on input line 264.
LaTeX Encoding Info:    Redeclaring text command \texttrademark (encoding TU) on input line 265.
LaTeX Encoding Info:    Redeclaring text command \textohm (encoding TU) on input line 266.
LaTeX Encoding Info:    Redeclaring text command \textmho (encoding TU) on input line 267.
LaTeX Encoding Info:    Redeclaring text command \textestimated (encoding TU) on input line 268.
LaTeX Encoding Info:    Redeclaring text command \textleftarrow (encoding TU) on input line 269.
LaTeX Encoding Info:    Redeclaring text command \textuparrow (encoding TU) on input line 270.
LaTeX Encoding Info:    Redeclaring text command \textrightarrow (encoding TU) on input line 271.
LaTeX Encoding Info:    Redeclaring text command \textdownarrow (encoding TU) on input line 272.
LaTeX Encoding Info:    Redeclaring text command \textminus (encoding TU) on input line 273.
LaTeX Encoding Info:    Redeclaring text command \Hwithstroke (encoding TU) on input line 275.
LaTeX Encoding Info:    Redeclaring text command \hwithstroke (encoding TU) on input line 276.
LaTeX Encoding Info:    Redeclaring text command \textasteriskcentered (encoding TU) on input line 277.
LaTeX Encoding Info:    Redeclaring text command \textsurd (encoding TU) on input line 288.
LaTeX Encoding Info:    Redeclaring text command \textlangle (encoding TU) on input line 289.
LaTeX Encoding Info:    Redeclaring text command \textrangle (encoding TU) on input line 290.
LaTeX Encoding Info:    Redeclaring text command \textblank (encoding TU) on input line 291.
LaTeX Encoding Info:    Redeclaring text command \textvisiblespace (encoding TU) on input line 292.
LaTeX Encoding Info:    Redeclaring text command \textopenbullet (encoding TU) on input line 293.
LaTeX Encoding Info:    Redeclaring text command \textbigcircle (encoding TU) on input line 294.
LaTeX Encoding Info:    Redeclaring text command \textmusicalnote (encoding TU) on input line 295.
LaTeX Encoding Info:    Redeclaring text command \textmarried (encoding TU) on input line 296.
LaTeX Encoding Info:    Redeclaring text command \textdivorced (encoding TU) on input line 297.
LaTeX Encoding Info:    Redeclaring text command \textinterrobangdown (encoding TU) on input line 298.
LaTeX Encoding Info:    Redeclaring text command \` (encoding TU) on input line 299.
LaTeX Encoding Info:    Redeclaring text command \' (encoding TU) on input line 300.
LaTeX Encoding Info:    Redeclaring text command \^ (encoding TU) on input line 301.
LaTeX Encoding Info:    Redeclaring text command \~ (encoding TU) on input line 302.
LaTeX Encoding Info:    Redeclaring text command \= (encoding TU) on input line 303.
LaTeX Encoding Info:    Redeclaring text command \u (encoding TU) on input line 304.
LaTeX Encoding Info:    Redeclaring text command \. (encoding TU) on input line 305.
LaTeX Encoding Info:    Redeclaring text command \" (encoding TU) on input line 306.
LaTeX Encoding Info:    Redeclaring text command \r (encoding TU) on input line 307.
LaTeX Encoding Info:    Redeclaring text command \H (encoding TU) on input line 308.
LaTeX Encoding Info:    Redeclaring text command \v (encoding TU) on input line 309.
LaTeX Encoding Info:    Redeclaring text command \b (encoding TU) on input line 310.
LaTeX Encoding Info:    Redeclaring text command \d (encoding TU) on input line 311.
LaTeX Encoding Info:    Redeclaring text command \c (encoding TU) on input line 312.
LaTeX Encoding Info:    Redeclaring text command \k (encoding TU) on input line 313.
LaTeX Encoding Info:    Redeclaring text command \textcommabelow (encoding TU) on input line 314.
)
\Cht=\dimen160
\cht=\dimen161
\Cdp=\dimen162
\cdp=\dimen163
\Cwd=\dimen164
\cwd=\dimen165
\Cvs=\dimen166
\cvs=\dimen167
\Chs=\dimen168
\chs=\dimen169
\cHT=\dimen170
\dstrutbox=\box61
\tstrutbox=\box62
\zstrutbox=\box63
LaTeX Info: Redefining \strut on input line 71.
\ltj@@add@fenc@@inner=\luafunction61
\ltj@@add@kyenc@@inner=\luafunction62
\ltj@@add@ktenc@@inner=\luafunction63
\ltj@@is@kyenc@@inner=\luafunction64
\ltj@@is@ktenc@@inner=\luafunction65
\ltj@@is@kenc@@inner=\luafunction66
\ltj@@is@ffam@@inner=\luafunction67
\ltj@@add@ffam@@inner=\luafunction68
\ltj@@add@kfam@@inner=\luafunction69
\ltj@@adjust@baseline@inner=\luafunction70
LaTeX Info: Redefining \fontencoding on input line 573.
LaTeX Info: Redefining \fontfamily on input line 619.
LaTeX Info: Redefining \fontseries on input line 813.
LaTeX Info: Redefining \fontseriesforce on input line 814.
LaTeX Info: Redefining \fontshape on input line 822.
LaTeX Info: Redefining \fontshapeforce on input line 833.
\ltj@@jfont@@jfmonly@@inner=\luafunction71
\ltj@@does@alt@set@@inner=\luafunction72
\ltj@@cipath@clear@inner=\luafunction73
) (/Users/hasegawalab_mac/Library/TinyTeX/texmf-dist/tex/luatex/luatexja/patches/lltjdefs.sty
Package: lltjdefs 2024-05-16 Default font settings of LuaTeX-ja
luaotfload | db : Font names database loaded from /Users/hasegawalab_mac/Library/TinyTeX/texmf-var/luatex-cache/generic/names/luaotfload-names.luc.gz(load cache: extra_lmroman10-regular.luc)
LaTeX Font Info:    Font shape `JT3/mc/m/n' will be
(Font)              scaled to size 9.6222pt on input line 69.

(/Users/hasegawalab_mac/Library/TinyTeX/texmf-dist/tex/luatex/jlreq/jfm-jlreqv.lua)
LaTeX Font Info:    Font shape `JY3/mc/m/n' will be
(Font)              scaled to size 9.6222pt on input line 69.
(load cache: extra_haranoajimincho-regular.luc)
(/Users/hasegawalab_mac/Library/TinyTeX/texmf-dist/tex/luatex/jlreq/jfm-jlreq.lua)
\symmincho=\mathgroup4
LaTeX Font Info:    Overwriting symbol font `mincho' in version `bold'
(Font)                  JY3/mc/m/n --> JY3/gt/m/n on input line 78.
) (/Users/hasegawalab_mac/Library/TinyTeX/texmf-dist/tex/luatex/luatexja/patches/lltjcore.sty
Package: lltjcore 2026-05-17 Patch to LaTeX2e Kernel for LuaTeX-ja
 (/Users/hasegawalab_mac/Library/TinyTeX/texmf-dist/tex/latex/l3kernel/expl3.sty
Package: expl3 2026-06-18 L3 programming layer (loader) 
 (/Users/hasegawalab_mac/Library/TinyTeX/texmf-dist/tex/latex/l3backend/l3backend-luatex.def
File: l3backend-luatex.def 2026-02-18 L3 backend support: PDF output (LuaTeX)
\l__color_backend_stack_int=\count293
Inserting `l3color' in `luaotfload.parse_color'.))
\@tombowwidth=\dimen171
\@TL=\box64
\@Tl=\box65
\@TC=\box66
\@TR=\box67
\@Tr=\box68
\@BL=\box69
\@Bl=\box70
\@BC=\box71
\@BR=\box72
\@Br=\box73
\@CL=\box74
\@CR=\box75
(load cache: extra_lmmono9-regular.luc)
\@bannertoken=\toks23
\@@paperheight=\dimen172
\@@paperwidth=\dimen173
\@@topmargin=\dimen174
LaTeX Info: Redefining \underline on input line 311.
) (/Users/hasegawalab_mac/Library/TinyTeX/texmf-dist/tex/luatex/luatexja/patches/lltjp-atbegshi.sty
Package: lltjp-atbegshi 2024-05-14 Patching \shipout hooks for LuaTeX-ja
\l__platex_shipout_dummy_box=\box76
) (/Users/hasegawalab_mac/Library/TinyTeX/texmf-dist/tex/luatex/luatexja/patches/lltjp-geometry.sty
Package: lltjp-geometry 2024-05-16 Patch to geometry for LuaTeX-ja with vertical writing mode
 (/Users/hasegawalab_mac/Library/TinyTeX/texmf-dist/tex/generic/iftex/ifluatex.sty
Package: ifluatex 2019/10/25 v1.5 ifluatex legacy package. Use iftex instead.
)))
\ltj@temp@cctb=\catcodetable16
) (/Users/hasegawalab_mac/Library/TinyTeX/texmf-dist/tex/luatex/luatexja/luatexja-compat.sty
Package: luatexja-compat 2025-09-21 Compatibility with pTeX
(load cache: ltj-jisx0208.luc)
\hour=\count294
\minute=\count295
)) (/Users/hasegawalab_mac/Library/TinyTeX/texmf-dist/tex/luatex/luatexja/addons/luatexja-adjust.sty
Package: luatexja-adjust 2022-02-11
Custom whatsit ghost of a jachar = 7
Removing  `luatexja.beginpar.np_info' from `luatexja.jfmglue.whatsit_getinfo'.
Inserting `ghost of a JACHAR' in `luatexja.jfmglue.whatsit_getinfo'.
Inserting `luatexja.beginpar.np_info' in `luatexja.jfmglue.whatsit_getinfo'.
Removing  `luatexja.beginpar.np_info_after' from `luatexja.jfmglue.whatsit_after'.
Inserting `ghost of a JACHAR' in `luatexja.jfmglue.whatsit_after'.
Inserting `luatexja.beginpar.np_info_after' in `luatexja.jfmglue.whatsit_after'.
\ltjadj@status@le=\count296
\ltjadj@status@lp=\count297
\ltjadj@status@pr=\count298
\ltjadj@status@ls=\count299
Inserting `Adjust width' in `post_linebreak_filter'.
\ltj@@ghost@jachar@inner@both=\luafunction74
\ltj@@ghost@jachar@inner@before=\luafunction75
\ltj@@ghost@jachar@inner@after=\luafunction76
)
Inserting `luatexja.adjust' in `luatexja.adjust_jfmglue'.
Inserting `luatexja.adjust' in `luatexja.adjust_jfmglue_tail'.
\jlreq@current@linewidth=\dimen175
\jlreq@rest@linewidth=\dimen176
\jlreq@lastnodechar=\count300
\jlreq@fontsize=\dimen177
\jlreq@jafontsize=\dimen178
 (/Users/hasegawalab_mac/Library/TinyTeX/texmf-dist/tex/latex/lm/lmodern.sty
Package: lmodern 2015/05/01 v1.6.1 Latin Modern Fonts
LaTeX Font Info:    Overwriting symbol font `operators' in version `normal'
(Font)                  OT1/cmr/m/n --> OT1/lmr/m/n on input line 22.
LaTeX Font Info:    Overwriting symbol font `letters' in version `normal'
(Font)                  OML/cmm/m/it --> OML/lmm/m/it on input line 23.
LaTeX Font Info:    Overwriting symbol font `symbols' in version `normal'
(Font)                  OMS/cmsy/m/n --> OMS/lmsy/m/n on input line 24.
LaTeX Font Info:    Overwriting symbol font `largesymbols' in version `normal'
(Font)                  OMX/cmex/m/n --> OMX/lmex/m/n on input line 25.
LaTeX Font Info:    Overwriting symbol font `operators' in version `bold'
(Font)                  OT1/cmr/bx/n --> OT1/lmr/bx/n on input line 26.
LaTeX Font Info:    Overwriting symbol font `letters' in version `bold'
(Font)                  OML/cmm/b/it --> OML/lmm/b/it on input line 27.
LaTeX Font Info:    Overwriting symbol font `symbols' in version `bold'
(Font)                  OMS/cmsy/b/n --> OMS/lmsy/b/n on input line 28.
LaTeX Font Info:    Overwriting symbol font `largesymbols' in version `bold'
(Font)                  OMX/cmex/m/n --> OMX/lmex/m/n on input line 29.
LaTeX Font Info:    Overwriting math alphabet `\mathbf' in version `normal'
(Font)                  OT1/cmr/bx/n --> OT1/lmr/bx/n on input line 31.
LaTeX Font Info:    Overwriting math alphabet `\mathsf' in version `normal'
(Font)                  OT1/cmss/m/n --> OT1/lmss/m/n on input line 32.
LaTeX Font Info:    Overwriting math alphabet `\mathit' in version `normal'
(Font)                  OT1/cmr/m/it --> OT1/lmr/m/it on input line 33.
LaTeX Font Info:    Overwriting math alphabet `\mathtt' in version `normal'
(Font)                  OT1/cmtt/m/n --> OT1/lmtt/m/n on input line 34.
LaTeX Font Info:    Overwriting math alphabet `\mathbf' in version `bold'
(Font)                  OT1/cmr/bx/n --> OT1/lmr/bx/n on input line 35.
LaTeX Font Info:    Overwriting math alphabet `\mathsf' in version `bold'
(Font)                  OT1/cmss/bx/n --> OT1/lmss/bx/n on input line 36.
LaTeX Font Info:    Overwriting math alphabet `\mathit' in version `bold'
(Font)                  OT1/cmr/bx/it --> OT1/lmr/bx/it on input line 37.
LaTeX Font Info:    Overwriting math alphabet `\mathtt' in version `bold'
(Font)                  OT1/cmtt/m/n --> OT1/lmtt/m/n on input line 38.
)(load cache: extra_lmroman12-regular.luc)
LaTeX Font Info:    Font shape `JT3/mc/m/n' will be
(Font)              scaled to size 11.0pt on input line 1207.
LaTeX Font Info:    Font shape `JY3/mc/m/n' will be
(Font)              scaled to size 11.0pt on input line 1207.
\jlreq@omotekeiwidth=\dimen179
\jlreq@chuubusokeiwidth=\dimen180
\jlreq@urakeiwidth=\dimen181
\jlreq@sidenote@length=\dimen182
\jlreq@sidenote@sep=\dimen183
(load cache: extra_lmroman9-regular.luc)
LaTeX Font Info:    Font shape `JT3/mc/m/n' will be
(Font)              scaled to size 8.80003pt on input line 1464.
LaTeX Font Info:    Font shape `JY3/mc/m/n' will be
(Font)              scaled to size 8.80003pt on input line 1464.
\jlreq@BlockHeading@start@label@box=\box77
\jlreq@BlockHeading@spaces@current@count=\count301
\c@part=\count302
\c@chapter=\count303
\c@section=\count304
\c@subsection=\count305
\c@subsubsection=\count306
\c@paragraph=\count307
\c@subparagraph=\count308
\c@__jlreq_footnotetemporary=\count309
\jlreq@endnote@prepostspace=\dimen184
\jlreq@endnote@indent=\dimen185
\jlreq@PageStyle@box=\box78
\abovecaptionskip=\skip56
\belowcaptionskip=\skip57
\c@figure=\count310
\c@table=\count311
\toclineskip=\skip58
\@lnumwidth=\dimen186
\jlreq@top@contents=\count312
LaTeX Font Info:    Font shape `JT3/mc/m/n' will be
(Font)              scaled to size 9.89993pt on input line 6602.
LaTeX Font Info:    Font shape `JY3/mc/m/n' will be
(Font)              scaled to size 9.89993pt on input line 6602.
 (/Users/hasegawalab_mac/Library/TinyTeX/texmf-dist/tex/latex/jlreq/jlreq-complements.sty
Package: jlreq-complements 2025/03/16 jlreq-complements
 (/Users/hasegawalab_mac/Library/TinyTeX/texmf-dist/tex/latex/filehook/filehook.sty
Package: filehook 2022/10/25 v0.8b Hooks for input files
 (/Users/hasegawalab_mac/Library/TinyTeX/texmf-dist/tex/latex/filehook/filehook-2020.sty
Package: filehook-2020 2022/10/25 v0.8b Hooks for input files
)))) (/Users/hasegawalab_mac/Library/TinyTeX/texmf-dist/tex/luatex/luatexja/addons/luatexja-fontspec.sty
Package: luatexja-fontspec 2025-09-30 fontspec support of LuaTeX-ja
 (/Users/hasegawalab_mac/Library/TinyTeX/texmf-dist/tex/latex/l3packages/l3keys2e/l3keys2e.sty
Package: l3keys2e 2025-10-09 LaTeX2e option processing using LaTeX3 keys
)(load cache: extra_lmroman17-regular.luc)
LaTeX Font Info:    Font shape `JT3/mc/m/n' will be
(Font)              scaled to size 16.0pt on input line 16.
LaTeX Font Info:    Font shape `JY3/mc/m/n' will be
(Font)              scaled to size 16.0pt on input line 16.
 (/Users/hasegawalab_mac/Library/TinyTeX/texmf-dist/tex/latex/fontspec/fontspec.sty (/Users/hasegawalab_mac/Library/TinyTeX/texmf-dist/tex/latex/l3packages/xparse/xparse.sty
Package: xparse 2025-10-09 L3 Experimental document command parser
)
Package: fontspec 2025/09/29 v2.9g Font selection for XeLaTeX and LuaLaTeX
Lua module: fontspec 2025/09/29 v2.9g Font selection for XeLaTeX and LuaLaTeX (/Users/hasegawalab_mac/Library/TinyTeX/texmf-dist/tex/latex/fontspec/fontspec-luatex.sty
Package: fontspec-luatex 2025/09/29 v2.9g Font selection for XeLaTeX and LuaLaTeX
\l__fontspec_script_int=\count313
\l__fontspec_language_int=\count314
\l__fontspec_strnum_int=\count315
\l__fontspec_tmp_int=\count316
\l__fontspec_tmpa_int=\count317
\l__fontspec_tmpb_int=\count318
\l__fontspec_tmpc_int=\count319
\l__fontspec_em_int=\count320
\l__fontspec_emdef_int=\count321
\l__fontspec_strong_int=\count322
\l__fontspec_strongdef_int=\count323
\l__fontspec_tmpa_dim=\dimen187
\l__fontspec_tmpb_dim=\dimen188
\l__fontspec_tmpc_dim=\dimen189
 (/Users/hasegawalab_mac/Library/TinyTeX/texmf-dist/tex/latex/base/fontenc.sty
Package: fontenc 2025/07/18 v2.1d Standard LaTeX package
) (/Users/hasegawalab_mac/Library/TinyTeX/texmf-dist/tex/latex/fontspec/fontspec.cfg)(load cache: extra_lmroman12-bold.luc)
LaTeX Font Info:    Font shape `JT3/mc/b/n' in size <11> not available
(Font)              Font shape `JT3/gt/m/n' tried instead on input line 3974.
LaTeX Font Info:    Font shape `JT3/gt/m/n' will be
(Font)              scaled to size 11.0pt on input line 3974.
LaTeX Font Info:    Font shape `JY3/mc/b/n' in size <11> not available
(Font)              Font shape `JY3/gt/m/n' tried instead on input line 3974.
LaTeX Font Info:    Font shape `JY3/gt/m/n' will be
(Font)              scaled to size 11.0pt on input line 3974.
(load cache: extra_haranoajigothic-medium.luc))) (/Users/hasegawalab_mac/Library/TinyTeX/texmf-dist/tex/luatex/luatexja/patches/lltjp-fontspec.sty) (/Users/hasegawalab_mac/Library/TinyTeX/texmf-dist/tex/luatex/luatexja/addons/luatexja-fontspec-29e.sty
Package: luatexja-fontspec-29e 2025-11-01 fontspec support of LuaTeX-ja
\g__ltj_fontspec_altnumber_int=\count324
)) (/Users/hasegawalab_mac/Library/TinyTeX/texmf-dist/tex/latex/amsmath/amsmath.sty
Package: amsmath 2026/05/19 v2.18d AMS math features
\@mathmargin=\skip59

For additional information on amsmath, use the `?' option.
(/Users/hasegawalab_mac/Library/TinyTeX/texmf-dist/tex/latex/amsmath/amstext.sty
Package: amstext 2024/11/17 v2.01 AMS text
 (/Users/hasegawalab_mac/Library/TinyTeX/texmf-dist/tex/latex/amsmath/amsgen.sty
File: amsgen.sty 1999/11/30 v2.0 generic functions
\@emptytoks=\toks24
\ex@=\dimen190
)) (/Users/hasegawalab_mac/Library/TinyTeX/texmf-dist/tex/latex/amsmath/amsbsy.sty
Package: amsbsy 1999/11/29 v1.2d Bold Symbols
\pmbraise@=\dimen191
) (/Users/hasegawalab_mac/Library/TinyTeX/texmf-dist/tex/latex/amsmath/amsopn.sty
Package: amsopn 2022/04/08 v2.04 operator names
)
\inf@bad=\count325
LaTeX Info: Redefining \frac on input line 235.
\uproot@=\count326
\leftroot@=\count327
LaTeX Info: Redefining \overline on input line 398.
LaTeX Info: Redefining \colon on input line 409.
\classnum@=\count328
\DOTSCASE@=\count329
LaTeX Info: Redefining \ldots on input line 495.
LaTeX Info: Redefining \dots on input line 498.
LaTeX Info: Redefining \cdots on input line 619.
\Mathstrutbox@=\box79
\strutbox@=\box80
LaTeX Info: Redefining \big on input line 721.
LaTeX Info: Redefining \Big on input line 722.
LaTeX Info: Redefining \bigg on input line 723.
LaTeX Info: Redefining \Bigg on input line 724.
\big@size=\dimen192
LaTeX Font Info:    Redeclaring font encoding OML on input line 742.
LaTeX Font Info:    Redeclaring font encoding OMS on input line 743.
\macc@depth=\count330
LaTeX Info: Redefining \bmod on input line 904.
LaTeX Info: Redefining \pmod on input line 909.
LaTeX Info: Redefining \smash on input line 939.
LaTeX Info: Redefining \relbar on input line 969.
LaTeX Info: Redefining \Relbar on input line 970.
\c@MaxMatrixCols=\count331
\dotsspace@=\muskip17
\c@parentequation=\count332
\dspbrk@lvl=\count333
\tag@help=\toks25
\row@=\count334
\column@=\count335
\maxfields@=\count336
\andhelp@=\toks26
\eqnshift@=\dimen193
\alignsep@=\dimen194
\tagshift@=\dimen195
\tagwidth@=\dimen196
\totwidth@=\dimen197
\lineht@=\dimen198
\@envbody=\toks27
\multlinegap=\skip60
\multlinetaggap=\skip61
\mathdisplay@stack=\toks28
LaTeX Info: Redefining \[ on input line 2965.
LaTeX Info: Redefining \] on input line 2966.
) (/Users/hasegawalab_mac/Library/TinyTeX/texmf-dist/tex/latex/amsfonts/amssymb.sty
Package: amssymb 2013/01/14 v3.01 AMS font symbols
 (/Users/hasegawalab_mac/Library/TinyTeX/texmf-dist/tex/latex/amsfonts/amsfonts.sty
Package: amsfonts 2013/01/14 v3.01 Basic AMSFonts support
\symAMSa=\mathgroup5
\symAMSb=\mathgroup6
LaTeX Font Info:    Redeclaring math symbol \hbar on input line 98.
LaTeX Font Info:    Overwriting math alphabet `\mathfrak' in version `bold'
(Font)                  U/euf/m/n --> U/euf/b/n on input line 106.
)) (/Users/hasegawalab_mac/Library/TinyTeX/texmf-dist/tex/latex/amscls/amsthm.sty
Package: amsthm 2020/05/29 v2.20.6
\thm@style=\toks29
\thm@bodyfont=\toks30
\thm@headfont=\toks31
\thm@notefont=\toks32
\thm@headpunct=\toks33
\thm@preskip=\skip62
\thm@postskip=\skip63
\thm@headsep=\skip64
\dth@everypar=\toks34
) (/Users/hasegawalab_mac/Library/TinyTeX/texmf-dist/tex/latex/mathtools/mathtools.sty
Package: mathtools 2024/10/04 v1.31 mathematical typesetting tools
 (/Users/hasegawalab_mac/Library/TinyTeX/texmf-dist/tex/latex/tools/calc.sty
Package: calc 2025/03/01 v4.3b Infix arithmetic (KKT,FJ)
\calc@Acount=\count337
\calc@Bcount=\count338
\calc@Adimen=\dimen199
\calc@Bdimen=\dimen256
\calc@Askip=\skip65
\calc@Bskip=\skip66
LaTeX Info: Redefining \setlength on input line 86.
LaTeX Info: Redefining \addtolength on input line 87.
\calc@Ccount=\count339
\calc@Cskip=\skip67
) (/Users/hasegawalab_mac/Library/TinyTeX/texmf-dist/tex/latex/mathtools/mhsetup.sty
Package: mhsetup 2021/03/18 v1.4 programming setup (MH)
)
\g_MT_multlinerow_int=\count340
\l_MT_multwidth_dim=\dimen257
\origjot=\skip68
\l_MT_shortvdotswithinadjustabove_dim=\dimen258
\l_MT_shortvdotswithinadjustbelow_dim=\dimen259
\l_MT_above_intertext_sep=\dimen260
\l_MT_below_intertext_sep=\dimen261
\l_MT_above_shortintertext_sep=\dimen262
\l_MT_below_shortintertext_sep=\dimen263
\xmathstrut@box=\box81
\xmathstrut@dim=\dimen264
) (/Users/hasegawalab_mac/Library/TinyTeX/texmf-dist/tex/latex/tools/bm.sty
Package: bm 2025/10/21 v1.2g Bold Symbol Support (DPC/FMi)
\symboldoperators=\mathgroup7
\symboldletters=\mathgroup8
\symboldsymbols=\mathgroup9
Package bm Info: No bold for \OMX/lmex/m/n, using \pmb.
\symboldmincho=\mathgroup10
Package bm Info: No bold for \U/msa/m/n, using \pmb.
Package bm Info: No bold for \U/msb/m/n, using \pmb.
LaTeX Font Info:    Redeclaring math alphabet \mathbf on input line 149.
) (/Users/hasegawalab_mac/Library/TinyTeX/texmf-dist/tex/latex/booktabs/booktabs.sty
Package: booktabs 2020/01/12 v1.61803398 Publication quality tables
\heavyrulewidth=\dimen265
\lightrulewidth=\dimen266
\cmidrulewidth=\dimen267
\belowrulesep=\dimen268
\belowbottomsep=\dimen269
\aboverulesep=\dimen270
\abovetopsep=\dimen271
\cmidrulesep=\dimen272
\cmidrulekern=\dimen273
\defaultaddspace=\dimen274
\@cmidla=\count341
\@cmidlb=\count342
\@aboverulesep=\dimen275
\@belowrulesep=\dimen276
\@thisruleclass=\count343
\@lastruleclass=\count344
\@thisrulewidth=\dimen277
) (/Users/hasegawalab_mac/Library/TinyTeX/texmf-dist/tex/latex/tools/array.sty
Package: array 2026/02/24 v2.7b Tabular extension package (FMi)
\col@sep=\dimen278
\ar@mcellbox=\box82
\extrarowheight=\dimen279
\NC@list=\toks35
\extratabsurround=\skip69
\backup@length=\skip70
\ar@cellbox=\box83
) (/Users/hasegawalab_mac/Library/TinyTeX/texmf-dist/tex/latex/enumitem/enumitem.sty
Package: enumitem 2025/02/06 v3.11 Customized lists
\enitkv@toks@=\toks36
\labelindent=\skip71
\enit@outerparindent=\dimen280
\enit@toks=\toks37
\enit@inbox=\box84
\enit@count@id=\count345
\enitdp@description=\count346
) (/Users/hasegawalab_mac/Library/TinyTeX/texmf-dist/tex/latex/graphics/graphicx.sty
Package: graphicx 2026-05-17 v1.2e Enhanced LaTeX Graphics (DPC,SPQR)
 (/Users/hasegawalab_mac/Library/TinyTeX/texmf-dist/tex/latex/graphics/graphics.sty
Package: graphics 2026-05-17 v1.4h Standard LaTeX Graphics (DPC,SPQR)
 (/Users/hasegawalab_mac/Library/TinyTeX/texmf-dist/tex/latex/graphics/trig.sty
Package: trig 2023/12/02 v1.11 sin cos tan (DPC)
) (/Users/hasegawalab_mac/Library/TinyTeX/texmf-dist/tex/latex/graphics-cfg/graphics.cfg
File: graphics.cfg 2016/06/04 v1.11 sample graphics configuration
)
Package graphics Info: Driver file: luatex.def on input line 106.
 (/Users/hasegawalab_mac/Library/TinyTeX/texmf-dist/tex/latex/graphics-def/luatex.def
File: luatex.def 2025/09/29 v1.2f Graphics/color driver for luatex
))
\Gin@req@height=\dimen281
\Gin@req@width=\dimen282
) (/Users/hasegawalab_mac/Library/TinyTeX/texmf-dist/tex/latex/pgf/frontendlayer/tikz.sty (/Users/hasegawalab_mac/Library/TinyTeX/texmf-dist/tex/latex/pgf/basiclayer/pgf.sty (/Users/hasegawalab_mac/Library/TinyTeX/texmf-dist/tex/latex/pgf/utilities/pgfrcs.sty (/Users/hasegawalab_mac/Library/TinyTeX/texmf-dist/tex/generic/pgf/utilities/pgfutil-common.tex
\pgfutil@everybye=\toks38
\pgfutil@tempdima=\dimen283
\pgfutil@tempdimb=\dimen284
) (/Users/hasegawalab_mac/Library/TinyTeX/texmf-dist/tex/generic/pgf/utilities/pgfutil-latex.def
\pgfutil@abb=\box85
) (/Users/hasegawalab_mac/Library/TinyTeX/texmf-dist/tex/generic/pgf/utilities/pgfrcs.code.tex (/Users/hasegawalab_mac/Library/TinyTeX/texmf-dist/tex/generic/pgf/pgf.revision.tex)
Package: pgfrcs 2025-08-29 v3.1.11a (3.1.11a)
))
Package: pgf 2025-08-29 v3.1.11a (3.1.11a)
 (/Users/hasegawalab_mac/Library/TinyTeX/texmf-dist/tex/latex/pgf/basiclayer/pgfcore.sty (/Users/hasegawalab_mac/Library/TinyTeX/texmf-dist/tex/latex/pgf/systemlayer/pgfsys.sty (/Users/hasegawalab_mac/Library/TinyTeX/texmf-dist/tex/generic/pgf/systemlayer/pgfsys.code.tex
Package: pgfsys 2025-08-29 v3.1.11a (3.1.11a)
 (/Users/hasegawalab_mac/Library/TinyTeX/texmf-dist/tex/generic/pgf/utilities/pgfkeys.code.tex
\pgfkeys@pathtoks=\toks39
\pgfkeys@temptoks=\toks40
 (/Users/hasegawalab_mac/Library/TinyTeX/texmf-dist/tex/generic/pgf/utilities/pgfkeyslibraryfiltered.code.tex
\pgfkeys@tmptoks=\toks41
))
\pgf@x=\dimen285
\pgf@y=\dimen286
\pgf@xa=\dimen287
\pgf@ya=\dimen288
\pgf@xb=\dimen289
\pgf@yb=\dimen290
\pgf@xc=\dimen291
\pgf@yc=\dimen292
\pgf@xd=\dimen293
\pgf@yd=\dimen294
\w@pgf@writea=\write3
\r@pgf@reada=\read2
\c@pgf@counta=\count347
\c@pgf@countb=\count348
\c@pgf@countc=\count349
\c@pgf@countd=\count350
\t@pgf@toka=\toks42
\t@pgf@tokb=\toks43
\t@pgf@tokc=\toks44
\pgf@sys@id@count=\count351
 (/Users/hasegawalab_mac/Library/TinyTeX/texmf-dist/tex/generic/pgf/systemlayer/pgf.cfg
File: pgf.cfg 2025-08-29 v3.1.11a (3.1.11a)
)
Driver file for pgf: pgfsys-luatex.def
 (/Users/hasegawalab_mac/Library/TinyTeX/texmf-dist/tex/generic/pgf/systemlayer/pgfsys-luatex.def
File: pgfsys-luatex.def 2025-08-29 v3.1.11a (3.1.11a)
 (/Users/hasegawalab_mac/Library/TinyTeX/texmf-dist/tex/generic/pgf/systemlayer/pgfsys-common-pdf.def
File: pgfsys-common-pdf.def 2025-08-29 v3.1.11a (3.1.11a)
))) (/Users/hasegawalab_mac/Library/TinyTeX/texmf-dist/tex/generic/pgf/systemlayer/pgfsyssoftpath.code.tex
File: pgfsyssoftpath.code.tex 2025-08-29 v3.1.11a (3.1.11a)
\pgfsyssoftpath@smallbuffer@items=\count352
\pgfsyssoftpath@bigbuffer@items=\count353
) (/Users/hasegawalab_mac/Library/TinyTeX/texmf-dist/tex/generic/pgf/systemlayer/pgfsysprotocol.code.tex
File: pgfsysprotocol.code.tex 2025-08-29 v3.1.11a (3.1.11a)
)) (/Users/hasegawalab_mac/Library/TinyTeX/texmf-dist/tex/latex/xcolor/xcolor.sty
Package: xcolor 2024/09/29 v3.02 LaTeX color extensions (UK)
 (/Users/hasegawalab_mac/Library/TinyTeX/texmf-dist/tex/latex/graphics-cfg/color.cfg
File: color.cfg 2016/01/02 v1.6 sample color configuration
)
Package xcolor Info: Driver file: luatex.def on input line 274.
 (/Users/hasegawalab_mac/Library/TinyTeX/texmf-dist/tex/latex/graphics/mathcolor.ltx)
Package xcolor Info: Model `cmy' substituted by `cmy0' on input line 1349.
Package xcolor Info: Model `hsb' substituted by `rgb' on input line 1353.
Package xcolor Info: Model `RGB' extended on input line 1365.
Package xcolor Info: Model `HTML' substituted by `rgb' on input line 1367.
Package xcolor Info: Model `Hsb' substituted by `hsb' on input line 1368.
Package xcolor Info: Model `tHsb' substituted by `hsb' on input line 1369.
Package xcolor Info: Model `HSB' substituted by `hsb' on input line 1370.
Package xcolor Info: Model `Gray' substituted by `gray' on input line 1371.
Package xcolor Info: Model `wave' substituted by `hsb' on input line 1372.
) (/Users/hasegawalab_mac/Library/TinyTeX/texmf-dist/tex/generic/pgf/basiclayer/pgfcore.code.tex
Package: pgfcore 2025-08-29 v3.1.11a (3.1.11a)
 (/Users/hasegawalab_mac/Library/TinyTeX/texmf-dist/tex/generic/pgf/math/pgfmath.code.tex (/Users/hasegawalab_mac/Library/TinyTeX/texmf-dist/tex/generic/pgf/math/pgfmathutil.code.tex) (/Users/hasegawalab_mac/Library/TinyTeX/texmf-dist/tex/generic/pgf/math/pgfmathparser.code.tex
\pgfmath@dimen=\dimen295
\pgfmath@count=\count354
\pgfmath@box=\box86
\pgfmath@toks=\toks45
\pgfmath@stack@operand=\toks46
\pgfmath@stack@operation=\toks47
) (/Users/hasegawalab_mac/Library/TinyTeX/texmf-dist/tex/generic/pgf/math/pgfmathfunctions.code.tex) (/Users/hasegawalab_mac/Library/TinyTeX/texmf-dist/tex/generic/pgf/math/pgfmathfunctions.basic.code.tex) (/Users/hasegawalab_mac/Library/TinyTeX/texmf-dist/tex/generic/pgf/math/pgfmathfunctions.trigonometric.code.tex) (/Users/hasegawalab_mac/Library/TinyTeX/texmf-dist/tex/generic/pgf/math/pgfmathfunctions.random.code.tex) (/Users/hasegawalab_mac/Library/TinyTeX/texmf-dist/tex/generic/pgf/math/pgfmathfunctions.comparison.code.tex) (/Users/hasegawalab_mac/Library/TinyTeX/texmf-dist/tex/generic/pgf/math/pgfmathfunctions.base.code.tex) (/Users/hasegawalab_mac/Library/TinyTeX/texmf-dist/tex/generic/pgf/math/pgfmathfunctions.round.code.tex) (/Users/hasegawalab_mac/Library/TinyTeX/texmf-dist/tex/generic/pgf/math/pgfmathfunctions.misc.code.tex) (/Users/hasegawalab_mac/Library/TinyTeX/texmf-dist/tex/generic/pgf/math/pgfmathfunctions.integerarithmetics.code.tex) (/Users/hasegawalab_mac/Library/TinyTeX/texmf-dist/tex/generic/pgf/math/pgfmathcalc.code.tex) (/Users/hasegawalab_mac/Library/TinyTeX/texmf-dist/tex/generic/pgf/math/pgfmathfloat.code.tex
\c@pgfmathroundto@lastzeros=\count355
)) (/Users/hasegawalab_mac/Library/TinyTeX/texmf-dist/tex/generic/pgf/math/pgfint.code.tex) (/Users/hasegawalab_mac/Library/TinyTeX/texmf-dist/tex/generic/pgf/basiclayer/pgfcorepoints.code.tex
File: pgfcorepoints.code.tex 2025-08-29 v3.1.11a (3.1.11a)
\pgf@picminx=\dimen296
\pgf@picmaxx=\dimen297
\pgf@picminy=\dimen298
\pgf@picmaxy=\dimen299
\pgf@pathminx=\dimen300
\pgf@pathmaxx=\dimen301
\pgf@pathminy=\dimen302
\pgf@pathmaxy=\dimen303
\pgf@xx=\dimen304
\pgf@xy=\dimen305
\pgf@yx=\dimen306
\pgf@yy=\dimen307
\pgf@zx=\dimen308
\pgf@zy=\dimen309
) (/Users/hasegawalab_mac/Library/TinyTeX/texmf-dist/tex/generic/pgf/basiclayer/pgfcorepathconstruct.code.tex
File: pgfcorepathconstruct.code.tex 2025-08-29 v3.1.11a (3.1.11a)
\pgf@path@lastx=\dimen310
\pgf@path@lasty=\dimen311
) (/Users/hasegawalab_mac/Library/TinyTeX/texmf-dist/tex/generic/pgf/basiclayer/pgfcorepathusage.code.tex
File: pgfcorepathusage.code.tex 2025-08-29 v3.1.11a (3.1.11a)
\pgf@shorten@end@additional=\dimen312
\pgf@shorten@start@additional=\dimen313
) (/Users/hasegawalab_mac/Library/TinyTeX/texmf-dist/tex/generic/pgf/basiclayer/pgfcorescopes.code.tex
File: pgfcorescopes.code.tex 2025-08-29 v3.1.11a (3.1.11a)
\pgfpic=\box87
\pgf@hbox=\box88
\pgf@layerbox@main=\box89
\pgf@picture@serial@count=\count356
) (/Users/hasegawalab_mac/Library/TinyTeX/texmf-dist/tex/generic/pgf/basiclayer/pgfcoregraphicstate.code.tex
File: pgfcoregraphicstate.code.tex 2025-08-29 v3.1.11a (3.1.11a)
\pgflinewidth=\dimen314
) (/Users/hasegawalab_mac/Library/TinyTeX/texmf-dist/tex/generic/pgf/basiclayer/pgfcoretransformations.code.tex
File: pgfcoretransformations.code.tex 2025-08-29 v3.1.11a (3.1.11a)
\pgf@pt@x=\dimen315
\pgf@pt@y=\dimen316
\pgf@pt@temp=\dimen317
) (/Users/hasegawalab_mac/Library/TinyTeX/texmf-dist/tex/generic/pgf/basiclayer/pgfcorequick.code.tex
File: pgfcorequick.code.tex 2025-08-29 v3.1.11a (3.1.11a)
) (/Users/hasegawalab_mac/Library/TinyTeX/texmf-dist/tex/generic/pgf/basiclayer/pgfcoreobjects.code.tex
File: pgfcoreobjects.code.tex 2025-08-29 v3.1.11a (3.1.11a)
) (/Users/hasegawalab_mac/Library/TinyTeX/texmf-dist/tex/generic/pgf/basiclayer/pgfcorepathprocessing.code.tex
File: pgfcorepathprocessing.code.tex 2025-08-29 v3.1.11a (3.1.11a)
) (/Users/hasegawalab_mac/Library/TinyTeX/texmf-dist/tex/generic/pgf/basiclayer/pgfcorearrows.code.tex
File: pgfcorearrows.code.tex 2025-08-29 v3.1.11a (3.1.11a)
\pgfarrowsep=\dimen318
) (/Users/hasegawalab_mac/Library/TinyTeX/texmf-dist/tex/generic/pgf/basiclayer/pgfcoreshade.code.tex
File: pgfcoreshade.code.tex 2025-08-29 v3.1.11a (3.1.11a)
\pgf@max=\dimen319
\pgf@sys@shading@range@num=\count357
\pgf@shadingcount=\count358
) (/Users/hasegawalab_mac/Library/TinyTeX/texmf-dist/tex/generic/pgf/basiclayer/pgfcoreimage.code.tex
File: pgfcoreimage.code.tex 2025-08-29 v3.1.11a (3.1.11a)
) (/Users/hasegawalab_mac/Library/TinyTeX/texmf-dist/tex/generic/pgf/basiclayer/pgfcoreexternal.code.tex
File: pgfcoreexternal.code.tex 2025-08-29 v3.1.11a (3.1.11a)
\pgfexternal@startupbox=\box90
) (/Users/hasegawalab_mac/Library/TinyTeX/texmf-dist/tex/generic/pgf/basiclayer/pgfcorelayers.code.tex
File: pgfcorelayers.code.tex 2025-08-29 v3.1.11a (3.1.11a)
) (/Users/hasegawalab_mac/Library/TinyTeX/texmf-dist/tex/generic/pgf/basiclayer/pgfcoretransparency.code.tex
File: pgfcoretransparency.code.tex 2025-08-29 v3.1.11a (3.1.11a)
) (/Users/hasegawalab_mac/Library/TinyTeX/texmf-dist/tex/generic/pgf/basiclayer/pgfcorepatterns.code.tex
File: pgfcorepatterns.code.tex 2025-08-29 v3.1.11a (3.1.11a)
) (/Users/hasegawalab_mac/Library/TinyTeX/texmf-dist/tex/generic/pgf/basiclayer/pgfcorerdf.code.tex
File: pgfcorerdf.code.tex 2025-08-29 v3.1.11a (3.1.11a)
))) (/Users/hasegawalab_mac/Library/TinyTeX/texmf-dist/tex/generic/pgf/modules/pgfmoduleshapes.code.tex
File: pgfmoduleshapes.code.tex 2025-08-29 v3.1.11a (3.1.11a)
\pgfnodeparttextbox=\box91
) (/Users/hasegawalab_mac/Library/TinyTeX/texmf-dist/tex/generic/pgf/modules/pgfmoduleplot.code.tex
File: pgfmoduleplot.code.tex 2025-08-29 v3.1.11a (3.1.11a)
) (/Users/hasegawalab_mac/Library/TinyTeX/texmf-dist/tex/latex/pgf/compatibility/pgfcomp-version-0-65.sty
Package: pgfcomp-version-0-65 2025-08-29 v3.1.11a (3.1.11a)
\pgf@nodesepstart=\dimen320
\pgf@nodesepend=\dimen321
) (/Users/hasegawalab_mac/Library/TinyTeX/texmf-dist/tex/latex/pgf/compatibility/pgfcomp-version-1-18.sty
Package: pgfcomp-version-1-18 2025-08-29 v3.1.11a (3.1.11a)
)) (/Users/hasegawalab_mac/Library/TinyTeX/texmf-dist/tex/latex/pgf/utilities/pgffor.sty (/Users/hasegawalab_mac/Library/TinyTeX/texmf-dist/tex/latex/pgf/utilities/pgfkeys.sty (/Users/hasegawalab_mac/Library/TinyTeX/texmf-dist/tex/generic/pgf/utilities/pgfkeys.code.tex)) (/Users/hasegawalab_mac/Library/TinyTeX/texmf-dist/tex/latex/pgf/math/pgfmath.sty (/Users/hasegawalab_mac/Library/TinyTeX/texmf-dist/tex/generic/pgf/math/pgfmath.code.tex)) (/Users/hasegawalab_mac/Library/TinyTeX/texmf-dist/tex/generic/pgf/utilities/pgffor.code.tex
Package: pgffor 2025-08-29 v3.1.11a (3.1.11a)
\pgffor@iter=\dimen322
\pgffor@skip=\dimen323
\pgffor@stack=\toks48
\pgffor@toks=\toks49
)) (/Users/hasegawalab_mac/Library/TinyTeX/texmf-dist/tex/generic/pgf/frontendlayer/tikz/tikz.code.tex
Package: tikz 2025-08-29 v3.1.11a (3.1.11a)
 (/Users/hasegawalab_mac/Library/TinyTeX/texmf-dist/tex/generic/pgf/libraries/pgflibraryplothandlers.code.tex
File: pgflibraryplothandlers.code.tex 2025-08-29 v3.1.11a (3.1.11a)
\pgf@plot@mark@count=\count359
\pgfplotmarksize=\dimen324
)
\tikz@lastx=\dimen325
\tikz@lasty=\dimen326
\tikz@lastxsaved=\dimen327
\tikz@lastysaved=\dimen328
\tikz@lastmovetox=\dimen329
\tikz@lastmovetoy=\dimen330
\tikzleveldistance=\dimen331
\tikzsiblingdistance=\dimen332
\tikz@figbox=\box92
\tikz@figbox@bg=\box93
\tikz@tempbox=\box94
\tikz@tempbox@bg=\box95
\tikztreelevel=\count360
\tikznumberofchildren=\count361
\tikznumberofcurrentchild=\count362
\tikz@fig@count=\count363
 (/Users/hasegawalab_mac/Library/TinyTeX/texmf-dist/tex/generic/pgf/modules/pgfmodulematrix.code.tex
File: pgfmodulematrix.code.tex 2025-08-29 v3.1.11a (3.1.11a)
\pgfmatrixcurrentrow=\count364
\pgfmatrixcurrentcolumn=\count365
\pgf@matrix@numberofcolumns=\count366
)
\tikz@expandcount=\count367
 (/Users/hasegawalab_mac/Library/TinyTeX/texmf-dist/tex/generic/pgf/frontendlayer/tikz/libraries/tikzlibrarytopaths.code.tex
File: tikzlibrarytopaths.code.tex 2025-08-29 v3.1.11a (3.1.11a)
))) (/Users/hasegawalab_mac/Library/TinyTeX/texmf-dist/tex/generic/pgf/libraries/pgflibraryarrows.meta.code.tex
File: pgflibraryarrows.meta.code.tex 2025-08-29 v3.1.11a (3.1.11a)
\pgfarrowinset=\dimen333
\pgfarrowlength=\dimen334
\pgfarrowwidth=\dimen335
\pgfarrowlinewidth=\dimen336
) (/Users/hasegawalab_mac/Library/TinyTeX/texmf-dist/tex/generic/pgf/frontendlayer/tikz/libraries/tikzlibrarypositioning.code.tex
File: tikzlibrarypositioning.code.tex 2025-08-29 v3.1.11a (3.1.11a)
) (/Users/hasegawalab_mac/Library/TinyTeX/texmf-dist/tex/generic/pgf/frontendlayer/tikz/libraries/tikzlibrarycalc.code.tex
File: tikzlibrarycalc.code.tex 2025-08-29 v3.1.11a (3.1.11a)
) (/Users/hasegawalab_mac/Library/TinyTeX/texmf-dist/tex/generic/pgf/frontendlayer/tikz/libraries/tikzlibrarydecorations.pathreplacing.code.tex (/Users/hasegawalab_mac/Library/TinyTeX/texmf-dist/tex/generic/pgf/frontendlayer/tikz/libraries/tikzlibrarydecorations.code.tex (/Users/hasegawalab_mac/Library/TinyTeX/texmf-dist/tex/generic/pgf/modules/pgfmoduledecorations.code.tex
\pgfdecoratedcompleteddistance=\dimen337
\pgfdecoratedremainingdistance=\dimen338
\pgfdecoratedinputsegmentcompleteddistance=\dimen339
\pgfdecoratedinputsegmentremainingdistance=\dimen340
\pgf@decorate@distancetomove=\dimen341
\pgf@decorate@repeatstate=\count368
\pgfdecorationsegmentamplitude=\dimen342
\pgfdecorationsegmentlength=\dimen343
)
\tikz@lib@dec@box=\box96
) (/Users/hasegawalab_mac/Library/TinyTeX/texmf-dist/tex/generic/pgf/libraries/decorations/pgflibrarydecorations.pathreplacing.code.tex)) (/Users/hasegawalab_mac/Library/TinyTeX/texmf-dist/tex/latex/pgfplots/pgfplots.sty (/Users/hasegawalab_mac/Library/TinyTeX/texmf-dist/tex/generic/pgfplots/pgfplots.revision.tex)
Package: pgfplots 2025/08/14 v1.18.2 Data Visualization (1.18.2)
 (/Users/hasegawalab_mac/Library/TinyTeX/texmf-dist/tex/generic/pgfplots/pgfplots.code.tex (/Users/hasegawalab_mac/Library/TinyTeX/texmf-dist/tex/generic/pgfplots/pgfplotscore.code.tex
Package pgfplots info on input line 124: Initializing with LUA version Lua 5.3
\pgfplots@luabackend@table=\catcodetable17
\t@pgfplots@toka=\toks50
\t@pgfplots@tokb=\toks51
\t@pgfplots@tokc=\toks52
\pgfplots@tmpa=\dimen344
\c@pgfplots@coordindex=\count369
\c@pgfplots@scanlineindex=\count370
 (/Users/hasegawalab_mac/Library/TinyTeX/texmf-dist/tex/generic/pgfplots/sys/pgfplotssysgeneric.code.tex)) (/Users/hasegawalab_mac/Library/TinyTeX/texmf-dist/tex/generic/pgfplots/libs/pgfplotslibrary.code.tex) (/Users/hasegawalab_mac/Library/TinyTeX/texmf-dist/tex/generic/pgfplots/oldpgfcompatib/pgfplotsoldpgfsupp_loader.code.tex (/Users/hasegawalab_mac/Library/TinyTeX/texmf-dist/tex/generic/pgf/libraries/pgflibraryfpu.code.tex) (/Users/hasegawalab_mac/Library/TinyTeX/texmf-dist/tex/generic/pgfplots/oldpgfcompatib/pgfplotsoldpgfsupp_pgfutil-common-lists.tex)
(/Users/hasegawalab_mac/Library/TinyTeX/texmf-dist/tex/generic/pgf/libraries/luamath/pgflibraryluamath.code.tex)
Package pgfplots info on input line 292: luamath library shipped with pgf 3.1.11a is up-to-date
) (/Users/hasegawalab_mac/Library/TinyTeX/texmf-dist/tex/generic/pgfplots/util/pgfplotsutil.code.tex
Package pgfplots info on input line 82: Found new luatex: initializing lua commands instead of write18 (shell-escape)
 (/Users/hasegawalab_mac/Library/TinyTeX/texmf-dist/tex/generic/pgfplots/liststructure/pgfplotsliststructure.code.tex) (/Users/hasegawalab_mac/Library/TinyTeX/texmf-dist/tex/generic/pgfplots/liststructure/pgfplotsliststructureext.code.tex) (/Users/hasegawalab_mac/Library/TinyTeX/texmf-dist/tex/generic/pgfplots/liststructure/pgfplotsarray.code.tex
\c@pgfplotsarray@tmp=\count371
) (/Users/hasegawalab_mac/Library/TinyTeX/texmf-dist/tex/generic/pgfplots/liststructure/pgfplotsmatrix.code.tex) (/Users/hasegawalab_mac/Library/TinyTeX/texmf-dist/tex/generic/pgfplots/numtable/pgfplotstableshared.code.tex
\c@pgfplotstable@counta=\count372
\t@pgfplotstable@a=\toks53
) (/Users/hasegawalab_mac/Library/TinyTeX/texmf-dist/tex/generic/pgfplots/liststructure/pgfplotsdeque.code.tex) (/Users/hasegawalab_mac/Library/TinyTeX/texmf-dist/tex/generic/pgfplots/util/pgfplotsbinary.code.tex (/Users/hasegawalab_mac/Library/TinyTeX/texmf-dist/tex/generic/pgfplots/util/pgfplotsbinary.data.code.tex)) (/Users/hasegawalab_mac/Library/TinyTeX/texmf-dist/tex/generic/pgfplots/util/pgfplotsutil.verb.code.tex) (/Users/hasegawalab_mac/Library/TinyTeX/texmf-dist/tex/generic/pgfplots/libs/pgflibrarypgfplots.surfshading.code.tex
\c@pgfplotslibrarysurf@no=\count373
 (/Users/hasegawalab_mac/Library/TinyTeX/texmf-dist/tex/generic/pgfplots/sys/pgflibrarypgfplots.surfshading.pgfsys-luatex.def))) (/Users/hasegawalab_mac/Library/TinyTeX/texmf-dist/tex/generic/pgfplots/util/pgfplotscolormap.code.tex (/Users/hasegawalab_mac/Library/TinyTeX/texmf-dist/tex/generic/pgfplots/util/pgfplotscolor.code.tex)) (/Users/hasegawalab_mac/Library/TinyTeX/texmf-dist/tex/generic/pgfplots/pgfplotsstackedplots.code.tex) (/Users/hasegawalab_mac/Library/TinyTeX/texmf-dist/tex/generic/pgfplots/pgfplotsplothandlers.code.tex (/Users/hasegawalab_mac/Library/TinyTeX/texmf-dist/tex/generic/pgfplots/pgfplotsmeshplothandler.code.tex (/Users/hasegawalab_mac/Library/TinyTeX/texmf-dist/tex/generic/pgfplots/pgfplotsmeshplotimage.code.tex))) (/Users/hasegawalab_mac/Library/TinyTeX/texmf-dist/tex/generic/pgfplots/pgfplots.scaling.code.tex) (/Users/hasegawalab_mac/Library/TinyTeX/texmf-dist/tex/generic/pgfplots/pgfplotscoordprocessing.code.tex) (/Users/hasegawalab_mac/Library/TinyTeX/texmf-dist/tex/generic/pgfplots/pgfplots.errorbars.code.tex) (/Users/hasegawalab_mac/Library/TinyTeX/texmf-dist/tex/generic/pgfplots/pgfplots.markers.code.tex) (/Users/hasegawalab_mac/Library/TinyTeX/texmf-dist/tex/generic/pgfplots/pgfplotsticks.code.tex) (/Users/hasegawalab_mac/Library/TinyTeX/texmf-dist/tex/generic/pgfplots/pgfplots.paths.code.tex) (/Users/hasegawalab_mac/Library/TinyTeX/texmf-dist/tex/generic/pgf/frontendlayer/tikz/libraries/tikzlibrarydecorations.pathmorphing.code.tex (/Users/hasegawalab_mac/Library/TinyTeX/texmf-dist/tex/generic/pgf/libraries/decorations/pgflibrarydecorations.pathmorphing.code.tex)) (/Users/hasegawalab_mac/Library/TinyTeX/texmf-dist/tex/generic/pgfplots/libs/tikzlibrarypgfplots.contourlua.code.tex)
\pgfplots@numplots=\count374
\pgfplots@xmin@reg=\dimen345
\pgfplots@xmax@reg=\dimen346
\pgfplots@ymin@reg=\dimen347
\pgfplots@ymax@reg=\dimen348
\pgfplots@zmin@reg=\dimen349
\pgfplots@zmax@reg=\dimen350
) (/Users/hasegawalab_mac/Library/TinyTeX/texmf-dist/tex/generic/pgf/frontendlayer/tikz/libraries/tikzlibraryplotmarks.code.tex
File: tikzlibraryplotmarks.code.tex 2025-08-29 v3.1.11a (3.1.11a)
 (/Users/hasegawalab_mac/Library/TinyTeX/texmf-dist/tex/generic/pgf/libraries/pgflibraryplotmarks.code.tex
File: pgflibraryplotmarks.code.tex 2025-08-29 v3.1.11a (3.1.11a)
))) (/Users/hasegawalab_mac/Library/TinyTeX/texmf-dist/tex/latex/tcolorbox/tcolorbox.sty
Package: tcolorbox 2026/05/28 version 6.10.0 text color boxes
 (/Users/hasegawalab_mac/Library/TinyTeX/texmf-dist/tex/latex/tools/verbatim.sty
Package: verbatim 2024-01-22 v1.5x LaTeX2e package for verbatim enhancements
\every@verbatim=\toks54
\verbatim@line=\toks55
\verbatim@in@stream=\read3
) (/Users/hasegawalab_mac/Library/TinyTeX/texmf-dist/tex/latex/environ/environ.sty
Package: environ 2014/05/04 v0.3 A new way to define environments
 (/Users/hasegawalab_mac/Library/TinyTeX/texmf-dist/tex/latex/trimspaces/trimspaces.sty
Package: trimspaces 2009/09/17 v1.1 Trim spaces around a token list
))
\tcb@titlebox=\box97
\tcb@upperbox=\box98
\tcb@lowerbox=\box99
\tcb@phantombox=\box100
\c@tcbbreakpart=\count375
\c@tcblayer=\count376
\c@tcolorbox@number=\count377
\l__tcobox_tmpa_box=\box101
\l__tcobox_tmpa_dim=\dimen351
\tcb@temp=\box102
\tcb@temp=\box103
\tcb@temp=\box104
\tcb@temp=\box105
 (/Users/hasegawalab_mac/Library/TinyTeX/texmf-dist/tex/latex/tcolorbox/tcbraster.code.tex
Library (tcolorbox): 'tcbraster.code.tex' version '6.10.0'
\c@tcbrastercolumn=\count378
\c@tcbrasterrow=\count379
\c@tcbrasternum=\count380
\c@tcbraster=\count381
) (/Users/hasegawalab_mac/Library/TinyTeX/texmf-dist/tex/latex/tcolorbox/tcbskins.code.tex
Library (tcolorbox): 'tcbskins.code.tex' version '6.10.0'
(/Users/hasegawalab_mac/Library/TinyTeX/texmf-dist/tex/latex/tikzfill/tikzfill.image.sty
Package: tikzfill.image 2026/04/23 v1.2.0 Image filling library for TikZ
 (/Users/hasegawalab_mac/Library/TinyTeX/texmf-dist/tex/latex/tikzfill/tikzlibraryfill.image.code.tex
File: tikzlibraryfill.image.code.tex 2026/04/23 v1.2.0 Image filling library
\l__tikzfill_tmpa_dim=\dimen352
\l__tikzfill_tmpb_dim=\dimen353
\l__tikzfill_img_box=\box106
)) (/Users/hasegawalab_mac/Library/TinyTeX/texmf-dist/tex/latex/tcolorbox/tcbskinsjigsaw.code.tex
Library (tcolorbox): 'tcbskinsjigsaw.code.tex' version '6.10.0'
)) (/Users/hasegawalab_mac/Library/TinyTeX/texmf-dist/tex/latex/tcolorbox/tcbbreakable.code.tex
Library (tcolorbox): 'tcbbreakable.code.tex' version '6.10.0'
(/Users/hasegawalab_mac/Library/TinyTeX/texmf-dist/tex/latex/pdfcol/pdfcol.sty
Package: pdfcol 2026-06-20 v1.8 Handle new color stacks for pdfTeX (HO)
)
Package pdfcol Info: New color stack `tcb@breakable' = 1 on input line 23.
\tcb@testbox=\box107
\tcb@totalupperbox=\box108
\tcb@totallowerbox=\box109
) (/Users/hasegawalab_mac/Library/TinyTeX/texmf-dist/tex/latex/tcolorbox/tcbhooks.code.tex
Library (tcolorbox): 'tcbhooks.code.tex' version '6.10.0'
) (/Users/hasegawalab_mac/Library/TinyTeX/texmf-dist/tex/latex/tcolorbox/tcbtheorems.code.tex
Library (tcolorbox): 'tcbtheorems.code.tex' version '6.10.0'
) (/Users/hasegawalab_mac/Library/TinyTeX/texmf-dist/tex/latex/tcolorbox/tcbfitting.code.tex
Library (tcolorbox): 'tcbfitting.code.tex' version '6.10.0'
\tcbfitdim=\dimen354
\tcb@lowerfitdim=\dimen355
\tcb@upperfitdim=\dimen356
\tcb@cur@hbadness=\count382
) (/Users/hasegawalab_mac/Library/TinyTeX/texmf-dist/tex/latex/tcolorbox/tcblistingsutf8.code.tex
Library (tcolorbox): 'tcblistingsutf8.code.tex' version '6.10.0'
(/Users/hasegawalab_mac/Library/TinyTeX/texmf-dist/tex/latex/tcolorbox/tcblistings.code.tex
Library (tcolorbox): 'tcblistings.code.tex' version '6.10.0'
(/Users/hasegawalab_mac/Library/TinyTeX/texmf-dist/tex/latex/listings/listings.sty
\lst@mode=\count383
\lst@gtempboxa=\box110
\lst@token=\toks56
\lst@length=\count384
\lst@currlwidth=\dimen357
\lst@column=\count385
\lst@pos=\count386
\lst@lostspace=\dimen358
\lst@width=\dimen359
\lst@newlines=\count387
\lst@lineno=\count388
\lst@maxwidth=\dimen360
 (/Users/hasegawalab_mac/Library/TinyTeX/texmf-dist/tex/latex/listings/lstpatch.sty
File: lstpatch.sty 2025/11/14 1.11b (Carsten Heinz)
) (/Users/hasegawalab_mac/Library/TinyTeX/texmf-dist/tex/latex/listings/lstmisc.sty
File: lstmisc.sty 2025/11/14 1.11b (Carsten Heinz)
\c@lstnumber=\count389
\lst@skipnumbers=\count390
\lst@framebox=\box111
) (/Users/hasegawalab_mac/Library/TinyTeX/texmf-dist/tex/latex/listings/listings.cfg
File: listings.cfg 2025/11/14 1.11b listings configuration
))
Package: listings 2025/11/14 1.11b (Carsten Heinz)
 (/Users/hasegawalab_mac/Library/TinyTeX/texmf-dist/tex/luatex/luatexja/patches/lltjp-listings.sty (/Users/hasegawalab_mac/Library/TinyTeX/texmf-dist/tex/luatex/luatexbase/luatexbase-cctb.sty
Package: luatexbase-cctb 2015/10/04 v1.3 luatexbase interface to LuaTeX (legacy subpackage) 
)
\ltj@lst@japanese@min=\count391
\CatcodeTableLTJlistings=\catcodetable18
\ltj@lst@frame@lslimit@h=\dimen361
\ltj@lst@frame@lslimit@d=\dimen362
\@temptokenb=\toks57
 (/Users/hasegawalab_mac/Library/TinyTeX/texmf-dist/tex/latex/listings/lstmisc.sty
File: lstmisc.sty 2025/11/14 1.11b (Carsten Heinz)
\lst@WFtoken=\toks58
\lst@WF=\write4
)) (/Users/hasegawalab_mac/Library/TinyTeX/texmf-dist/tex/latex/tcolorbox/tcblistingscore.code.tex
Library (tcolorbox): 'tcblistingscore.code.tex' version '6.10.0'
(/Users/hasegawalab_mac/Library/TinyTeX/texmf-dist/tex/latex/tcolorbox/tcbprocessing.code.tex
Library (tcolorbox): 'tcbprocessing.code.tex' version '6.10.0'
)
\c@tcblisting=\count392
))
Package tcolorbox Info: Library `listingsutf8' is compatible with pdftex only. Library `listings` is loaded instead. on input line 29.
) (/Users/hasegawalab_mac/Library/TinyTeX/texmf-dist/tex/latex/tcolorbox/tcbexternal.code.tex
Library (tcolorbox): 'tcbexternal.code.tex' version '6.10.0'
) (/Users/hasegawalab_mac/Library/TinyTeX/texmf-dist/tex/latex/tcolorbox/tcbmagazine.code.tex
Library (tcolorbox): 'tcbmagazine.code.tex' version '6.10.0'
) (/Users/hasegawalab_mac/Library/TinyTeX/texmf-dist/tex/latex/tcolorbox/tcbvignette.code.tex
Library (tcolorbox): 'tcbvignette.code.tex' version '6.10.0'
(/Users/hasegawalab_mac/Library/TinyTeX/texmf-dist/tex/generic/pgf/frontendlayer/tikz/libraries/tikzlibraryfadings.code.tex
File: tikzlibraryfadings.code.tex 2025-08-29 v3.1.11a (3.1.11a)
 (/Users/hasegawalab_mac/Library/TinyTeX/texmf-dist/tex/generic/pgf/libraries/pgflibraryfadings.code.tex
File: pgflibraryfadings.code.tex 2025-08-29 v3.1.11a (3.1.11a)
))) (/Users/hasegawalab_mac/Library/TinyTeX/texmf-dist/tex/latex/tcolorbox/tcbposter.code.tex
Library (tcolorbox): 'tcbposter.code.tex' version '6.10.0'
)) (/Users/hasegawalab_mac/Library/TinyTeX/texmf-dist/tex/latex/mdframed/mdframed.sty
Package: mdframed 2013/07/01 1.9b: mdframed
 (/Users/hasegawalab_mac/Library/TinyTeX/texmf-dist/tex/latex/kvoptions/kvoptions.sty
Package: kvoptions 2022-06-15 v3.15 Key value format for package options (HO)
 (/Users/hasegawalab_mac/Library/TinyTeX/texmf-dist/tex/latex/kvsetkeys/kvsetkeys.sty
Package: kvsetkeys 2022-10-05 v1.19 Key value parser (HO)
)) (/Users/hasegawalab_mac/Library/TinyTeX/texmf-dist/tex/latex/zref/zref-abspage.sty
Package: zref-abspage 2026-03-07 v2.37 Module abspage for zref (HO)
 (/Users/hasegawalab_mac/Library/TinyTeX/texmf-dist/tex/latex/zref/zref-base.sty
Package: zref-base 2026-03-07 v2.37 Module base for zref (HO)
 (/Users/hasegawalab_mac/Library/TinyTeX/texmf-dist/tex/generic/kvdefinekeys/kvdefinekeys.sty
Package: kvdefinekeys 2019-12-19 v1.6 Define keys (HO)
) (/Users/hasegawalab_mac/Library/TinyTeX/texmf-dist/tex/generic/etexcmds/etexcmds.sty
Package: etexcmds 2019/12/15 v1.7 Avoid name clashes with e-TeX commands (HO)
) (/Users/hasegawalab_mac/Library/TinyTeX/texmf-dist/tex/latex/auxhook/auxhook.sty
Package: auxhook 2019-12-17 v1.6 Hooks for auxiliary files (HO)
)
Package zref Info: New property list: main on input line 767.
Package zref Info: New property: default on input line 768.
Package zref Info: New property: page on input line 769.
)
\c@abspage=\count393
Package zref Info: New property: abspage on input line 67.
) (/Users/hasegawalab_mac/Library/TinyTeX/texmf-dist/tex/latex/needspace/needspace.sty
Package: needspace 2025/03/13 v1.3e reserve vertical space
)
\mdf@templength=\skip72
\c@mdf@globalstyle@cnt=\count394
\mdf@skipabove@length=\skip73
\mdf@skipbelow@length=\skip74
\mdf@leftmargin@length=\skip75
\mdf@rightmargin@length=\skip76
\mdf@innerleftmargin@length=\skip77
\mdf@innerrightmargin@length=\skip78
\mdf@innertopmargin@length=\skip79
\mdf@innerbottommargin@length=\skip80
\mdf@splittopskip@length=\skip81
\mdf@splitbottomskip@length=\skip82
\mdf@outermargin@length=\skip83
\mdf@innermargin@length=\skip84
\mdf@linewidth@length=\skip85
\mdf@innerlinewidth@length=\skip86
\mdf@middlelinewidth@length=\skip87
\mdf@outerlinewidth@length=\skip88
\mdf@roundcorner@length=\skip89
\mdf@footenotedistance@length=\skip90
\mdf@userdefinedwidth@length=\skip91
\mdf@needspace@length=\skip92
\mdf@frametitleaboveskip@length=\skip93
\mdf@frametitlebelowskip@length=\skip94
\mdf@frametitlerulewidth@length=\skip95
\mdf@frametitleleftmargin@length=\skip96
\mdf@frametitlerightmargin@length=\skip97
\mdf@shadowsize@length=\skip98
\mdf@extratopheight@length=\skip99
\mdf@subtitleabovelinewidth@length=\skip100
\mdf@subtitlebelowlinewidth@length=\skip101
\mdf@subtitleaboveskip@length=\skip102
\mdf@subtitlebelowskip@length=\skip103
\mdf@subtitleinneraboveskip@length=\skip104
\mdf@subtitleinnerbelowskip@length=\skip105
\mdf@subsubtitleabovelinewidth@length=\skip106
\mdf@subsubtitlebelowlinewidth@length=\skip107
\mdf@subsubtitleaboveskip@length=\skip108
\mdf@subsubtitlebelowskip@length=\skip109
\mdf@subsubtitleinneraboveskip@length=\skip110
\mdf@subsubtitleinnerbelowskip@length=\skip111
 (/Users/hasegawalab_mac/Library/TinyTeX/texmf-dist/tex/latex/mdframed/md-frame-1.mdf
File: md-frame-1.mdf 2013/07/01\ 1.9b: md-frame-1
)
\mdf@frametitlebox=\box112
\mdf@footnotebox=\box113
\mdf@splitbox@one=\box114
\mdf@splitbox@two=\box115
\mdf@splitbox@save=\box116
\mdfsplitboxwidth=\skip112
\mdfsplitboxtotalwidth=\skip113
\mdfsplitboxheight=\skip114
\mdfsplitboxdepth=\skip115
\mdfsplitboxtotalheight=\skip116
\mdfframetitleboxwidth=\skip117
\mdfframetitleboxtotalwidth=\skip118
\mdfframetitleboxheight=\skip119
\mdfframetitleboxdepth=\skip120
\mdfframetitleboxtotalheight=\skip121
\mdffootnoteboxwidth=\skip122
\mdffootnoteboxtotalwidth=\skip123
\mdffootnoteboxheight=\skip124
\mdffootnoteboxdepth=\skip125
\mdffootnoteboxtotalheight=\skip126
\mdftotallinewidth=\skip127
\mdfboundingboxwidth=\skip128
\mdfboundingboxtotalwidth=\skip129
\mdfboundingboxheight=\skip130
\mdfboundingboxdepth=\skip131
\mdfboundingboxtotalheight=\skip132
\mdf@freevspace@length=\skip133
\mdf@horizontalwidthofbox@length=\skip134
\mdf@verticalmarginwhole@length=\skip135
\mdf@horizontalspaceofbox=\skip136
\mdfsubtitleheight=\skip137
\mdfsubsubtitleheight=\skip138
\c@mdfcountframes=\count395

****** mdframed patching \endmdf@trivlist

****** -- success******

\mdf@envdepth=\count396
\c@mdf@env@i=\count397
\c@mdf@env@ii=\count398
\c@mdf@zref@counter=\count399
Package zref Info: New property: mdf@pagevalue on input line 895.
) (/Users/hasegawalab_mac/Library/TinyTeX/texmf-dist/tex/latex/hyperref/hyperref.sty
Package: hyperref 2026-06-17 v7.01r Hypertext links for LaTeX
 (/Users/hasegawalab_mac/Library/TinyTeX/texmf-dist/tex/generic/pdfescape/pdfescape.sty
Package: pdfescape 2019/12/09 v1.15 Implements pdfTeX's escape features (HO)
) (/Users/hasegawalab_mac/Library/TinyTeX/texmf-dist/tex/latex/hycolor/hycolor.sty
Package: hycolor 2020-01-27 v1.10 Color options for hyperref/bookmark (HO)
) (/Users/hasegawalab_mac/Library/TinyTeX/texmf-dist/tex/latex/hyperref/nameref.sty
Package: nameref 2026-01-29 v2.58 Cross-referencing by name of section
 (/Users/hasegawalab_mac/Library/TinyTeX/texmf-dist/tex/latex/refcount/refcount.sty
Package: refcount 2019/12/15 v3.6 Data extraction from label references (HO)
) (/Users/hasegawalab_mac/Library/TinyTeX/texmf-dist/tex/generic/gettitlestring/gettitlestring.sty
Package: gettitlestring 2019/12/15 v1.6 Cleanup title references (HO)
)
\c@section@level=\count400
) (/Users/hasegawalab_mac/Library/TinyTeX/texmf-dist/tex/generic/stringenc/stringenc.sty
Package: stringenc 2019/11/29 v1.12 Convert strings between diff. encodings (HO)
)
\@linkdim=\dimen363
\Hy@linkcounter=\count401
\Hy@pagecounter=\count402
 (/Users/hasegawalab_mac/Library/TinyTeX/texmf-dist/tex/latex/hyperref/pd1enc.def
File: pd1enc.def 2026-06-17 v7.01r Hyperref: PDFDocEncoding definition (HO)
) (/Users/hasegawalab_mac/Library/TinyTeX/texmf-dist/tex/generic/intcalc/intcalc.sty
Package: intcalc 2019/12/15 v1.3 Expandable calculations with integers (HO)
)
\Hy@SavedSpaceFactor=\count403
 (/Users/hasegawalab_mac/Library/TinyTeX/texmf-dist/tex/latex/hyperref/puenc.def
File: puenc.def 2026-06-17 v7.01r Hyperref: PDF Unicode definition (HO)
)
Package hyperref Info: Hyper figures OFF on input line 4199.
Package hyperref Info: Link nesting OFF on input line 4204.
Package hyperref Info: Hyper index ON on input line 4207.
Package hyperref Info: Plain pages OFF on input line 4214.
Package hyperref Info: Backreferencing OFF on input line 4219.
Package hyperref Info: Implicit mode ON; LaTeX internals redefined.
Package hyperref Info: Bookmarks ON on input line 4466.
\c@Hy@tempcnt=\count404
 (/Users/hasegawalab_mac/Library/TinyTeX/texmf-dist/tex/latex/url/url.sty
\Urlmuskip=\muskip18
Package: url 2013/09/16  ver 3.4  Verb mode for urls, etc.
)
LaTeX Info: Redefining \url on input line 4805.
\XeTeXLinkMargin=\dimen364
 (/Users/hasegawalab_mac/Library/TinyTeX/texmf-dist/tex/generic/bitset/bitset.sty
Package: bitset 2019/12/09 v1.3 Handle bit-vector datatype (HO)
 (/Users/hasegawalab_mac/Library/TinyTeX/texmf-dist/tex/generic/bigintcalc/bigintcalc.sty
Package: bigintcalc 2019/12/15 v1.5 Expandable calculations on big integers (HO)
))
\Fld@menulength=\count405
\Field@Width=\dimen365
\Fld@charsize=\dimen366
Package hyperref Info: Hyper figures OFF on input line 6091.
Package hyperref Info: Link nesting OFF on input line 6096.
Package hyperref Info: Hyper index ON on input line 6099.
Package hyperref Info: backreferencing OFF on input line 6106.
Package hyperref Info: Link coloring OFF on input line 6111.
Package hyperref Info: Link coloring with OCG OFF on input line 6116.
Package hyperref Info: PDF/A mode OFF on input line 6121.
\Hy@abspage=\count406
\c@Item=\count407
\c@Hfootnote=\count408
)
Package hyperref Info: Driver (autodetected): hluatex.
 (/Users/hasegawalab_mac/Library/TinyTeX/texmf-dist/tex/latex/hyperref/hluatex.def
File: hluatex.def 2026-06-17 v7.01r Hyperref driver for luaTeX
\Fld@listcount=\count409
\c@bookmark@seq@number=\count410
 (/Users/hasegawalab_mac/Library/TinyTeX/texmf-dist/tex/latex/rerunfilecheck/rerunfilecheck.sty
Package: rerunfilecheck 2025-06-21 v1.11 Rerun checks for auxiliary files (HO)
 (/Users/hasegawalab_mac/Library/TinyTeX/texmf-dist/tex/generic/uniquecounter/uniquecounter.sty
Package: uniquecounter 2019/12/15 v1.4 Provide unlimited unique counter (HO)
)
Package uniquecounter Info: New unique counter `rerunfilecheck' on input line 284.
)
\Hy@SectionHShift=\skip139
)
Package hyperref Info: Option `colorlinks' set `true' on input line 29.
\c@definition=\count411
 (/Users/hasegawalab_mac/Library/TinyTeX/texmf-dist/tex/luatex/luatexja/patches/lltjp-array.sty
Package: lltjp-array 2026-05-13 Patch to array for LuaTeX-ja

lltjp-array: patch FAILED (\@tabular 2)
) (./main.aux)
\openout1 = main.aux

LaTeX Font Info:    Checking defaults for OML/cmm/m/it on input line 128.
LaTeX Font Info:    ... okay on input line 128.
LaTeX Font Info:    Checking defaults for OMS/cmsy/m/n on input line 128.
LaTeX Font Info:    ... okay on input line 128.
LaTeX Font Info:    Checking defaults for OT1/cmr/m/n on input line 128.
LaTeX Font Info:    ... okay on input line 128.
LaTeX Font Info:    Checking defaults for T1/cmr/m/n on input line 128.
LaTeX Font Info:    ... okay on input line 128.
LaTeX Font Info:    Checking defaults for TS1/cmr/m/n on input line 128.
LaTeX Font Info:    ... okay on input line 128.
LaTeX Font Info:    Checking defaults for TU/lmr/m/n on input line 128.
LaTeX Font Info:    ... okay on input line 128.
LaTeX Font Info:    Checking defaults for OMX/cmex/m/n on input line 128.
LaTeX Font Info:    ... okay on input line 128.
LaTeX Font Info:    Checking defaults for U/cmr/m/n on input line 128.
LaTeX Font Info:    ... okay on input line 128.
LaTeX Font Info:    Checking defaults for JY3/mc/m/n on input line 128.
LaTeX Font Info:    ... okay on input line 128.
LaTeX Font Info:    Checking defaults for JT3/mc/m/n on input line 128.
LaTeX Font Info:    ... okay on input line 128.
LaTeX Font Info:    Checking defaults for PD1/pdf/m/n on input line 128.
LaTeX Font Info:    ... okay on input line 128.
LaTeX Font Info:    Checking defaults for PU/pdf/m/n on input line 128.
LaTeX Font Info:    ... okay on input line 128.
 (/Users/hasegawalab_mac/Library/TinyTeX/texmf-dist/tex/latex/epstopdf-pkg/epstopdf-base.sty
Package: epstopdf-base 2020-01-24 v2.11 Base part for package epstopdf
Package epstopdf-base Info: Redefining graphics rule for `.eps' on input line 485.
 (/Users/hasegawalab_mac/Library/TinyTeX/texmf-dist/tex/latex/latexconfig/epstopdf-sys.cfg
File: epstopdf-sys.cfg 2010/07/13 v1.3 Configuration of (r)epstopdf for TeX Live
))
Package pgfplots notification 'compat/show suggested version=true': document has been generated with the most recent feature set (\pgfplotsset{compat=1.18}).

\c@lstlisting=\count412
Package hyperref Info: Link coloring ON on input line 128.
(./main.out) (./main.out)
\@outlinefile=\write5

\openout5 = main.out
LaTeX Font Info:    Font shape `JT3/mc/m/n' will be
(Font)              scaled to size 18.7pt on input line 131.
LaTeX Font Info:    Font shape `JY3/mc/m/n' will be
(Font)              scaled to size 18.7pt on input line 131.
LaTeX Font Info:    Font shape `JT3/mc/m/n' will be
(Font)              scaled to size 27.5pt on input line 131.
LaTeX Font Info:    Font shape `JY3/mc/m/n' will be
(Font)              scaled to size 27.5pt on input line 131.
LaTeX Font Info:    Font shape `JT3/mc/m/n' will be
(Font)              scaled to size 15.4pt on input line 131.
LaTeX Font Info:    Font shape `JY3/mc/m/n' will be
(Font)              scaled to size 15.4pt on input line 131.
LaTeX Font Info:    Font shape `JT3/mc/m/n' will be
(Font)              scaled to size 13.2pt on input line 131.
LaTeX Font Info:    Font shape `JY3/mc/m/n' will be
(Font)              scaled to size 13.2pt on input line 131.
 [1


{/Users/hasegawalab_mac/Library/TinyTeX/texmf-var/fonts/map/pdftex/updmap/pdftex.map}] [2

]
LaTeX Font Info:    Font shape `JT3/mc/m/n' will be
(Font)              scaled to size 22.0pt on input line 133.
LaTeX Font Info:    Font shape `JY3/mc/m/n' will be
(Font)              scaled to size 22.0pt on input line 133.
(load cache: extra_lmsans17-regular.luc)
LaTeX Font Info:    Font shape `JT3/gt/m/n' will be
(Font)              scaled to size 22.0pt on input line 133.
LaTeX Font Info:    Font shape `JY3/gt/m/n' will be
(Font)              scaled to size 22.0pt on input line 133.
(load cache: extra_lmsans10-bold.luc)
LaTeX Font Info:    Font shape `JT3/gt/b/n' in size <22> not available
(Font)              Font shape `JT3/gt/m/n' tried instead on input line 133.
LaTeX Font Info:    Font shape `JT3/gt/m/n' will be
(Font)              scaled to size 22.0pt on input line 133.
LaTeX Font Info:    Font shape `JY3/gt/b/n' in size <22> not available
(Font)              Font shape `JY3/gt/m/n' tried instead on input line 133.
LaTeX Font Info:    Font shape `JY3/gt/m/n' will be
(Font)              scaled to size 22.0pt on input line 133.
 [3] [4

] (./main.toc
LaTeX Font Info:    Calculating math sizes for size <11> on input line 1.
LaTeX Font Info:    Trying loading font information for OT1+lmr on input line 1.
 (/Users/hasegawalab_mac/Library/TinyTeX/texmf-dist/tex/latex/lm/ot1lmr.fd
File: ot1lmr.fd 2015/05/01 v1.6.1 Font defs for Latin Modern
)
LaTeX Font Info:    Trying loading font information for OML+lmm on input line 1.
 (/Users/hasegawalab_mac/Library/TinyTeX/texmf-dist/tex/latex/lm/omllmm.fd
File: omllmm.fd 2015/05/01 v1.6.1 Font defs for Latin Modern
)
LaTeX Font Info:    Trying loading font information for OMS+lmsy on input line 1.
 (/Users/hasegawalab_mac/Library/TinyTeX/texmf-dist/tex/latex/lm/omslmsy.fd
File: omslmsy.fd 2015/05/01 v1.6.1 Font defs for Latin Modern
)
LaTeX Font Info:    Trying loading font information for OMX+lmex on input line 1.
 (/Users/hasegawalab_mac/Library/TinyTeX/texmf-dist/tex/latex/lm/omxlmex.fd
File: omxlmex.fd 2015/05/01 v1.6.1 Font defs for Latin Modern
)
LaTeX Font Info:    External font `lmex10' loaded for size
(Font)              <11> on input line 1.
LaTeX Font Info:    External font `lmex10' loaded for size
(Font)              <7.69997> on input line 1.
LaTeX Font Info:    External font `lmex10' loaded for size
(Font)              <5.5> on input line 1.
LaTeX Font Info:    Font shape `JY3/mc/m/n' will be
(Font)              scaled to size 7.69997pt on input line 1.
LaTeX Font Info:    Font shape `JY3/mc/m/n' will be
(Font)              scaled to size 5.5pt on input line 1.
LaTeX Font Info:    Trying loading font information for U+msa on input line 1.
 (/Users/hasegawalab_mac/Library/TinyTeX/texmf-dist/tex/latex/amsfonts/umsa.fd
File: umsa.fd 2013/01/14 v3.01 AMS symbols A
)
LaTeX Font Info:    Trying loading font information for U+msb on input line 1.
 (/Users/hasegawalab_mac/Library/TinyTeX/texmf-dist/tex/latex/amsfonts/umsb.fd
File: umsb.fd 2013/01/14 v3.01 AMS symbols B
)
LaTeX Font Info:    Font shape `JY3/gt/m/n' will be
(Font)              scaled to size 7.69997pt on input line 1.
LaTeX Font Info:    Font shape `JY3/gt/m/n' will be
(Font)              scaled to size 5.5pt on input line 1.
 [5] [6] [7] [8] [9] [10] [11] [12])
\tf@toc=\write6

\openout6 = main.toc
 [13] [14

] (./chapters/ch01.tex(load cache: extra_lmsans12-regular.luc)
LaTeX Font Info:    Font shape `JT3/gt/m/n' will be
(Font)              scaled to size 15.4pt on input line 10.
LaTeX Font Info:    Font shape `JY3/gt/m/n' will be
(Font)              scaled to size 15.4pt on input line 10.
LaTeX Font Info:    Font shape `JT3/gt/b/n' in size <15.4> not available
(Font)              Font shape `JT3/gt/m/n' tried instead on input line 10.
LaTeX Font Info:    Font shape `JT3/gt/m/n' will be
(Font)              scaled to size 15.4pt on input line 10.
LaTeX Font Info:    Font shape `JY3/gt/b/n' in size <15.4> not available
(Font)              Font shape `JY3/gt/m/n' tried instead on input line 10.
LaTeX Font Info:    Font shape `JY3/gt/m/n' will be
(Font)              scaled to size 15.4pt on input line 10.
LaTeX Font Info:    Font shape `JT3/gt/m/n' will be
(Font)              scaled to size 13.2pt on input line 12.
LaTeX Font Info:    Font shape `JY3/gt/m/n' will be
(Font)              scaled to size 13.2pt on input line 12.
LaTeX Font Info:    Font shape `JT3/gt/b/n' in size <13.2> not available
(Font)              Font shape `JT3/gt/m/n' tried instead on input line 12.
LaTeX Font Info:    Font shape `JT3/gt/m/n' will be
(Font)              scaled to size 13.2pt on input line 12.
LaTeX Font Info:    Font shape `JY3/gt/b/n' in size <13.2> not available
(Font)              Font shape `JY3/gt/m/n' tried instead on input line 12.
LaTeX Font Info:    Font shape `JY3/gt/m/n' will be
(Font)              scaled to size 13.2pt on input line 12.
Package mdframed Info: mdframed works in twoside mode on input line 13.
Package mdframed Info: mdframed detected package amsthm 
 changed the theorem header of amsthm
(mdframed)              on input line 13.
LaTeX Font Info:    Font shape `JT3/gt/m/n' will be
(Font)              scaled to size 11.0pt on input line 35.
(load cache: extra_lmroman12-italic.luc)
LaTeX Font Info:    Font shape `JT3/gt/m/it' in size <11> not available
(Font)              Font shape `JT3/gt/m/n' tried instead on input line 35.
LaTeX Font Info:    Font shape `JT3/gt/m/n' will be
(Font)              scaled to size 11.0pt on input line 35.
LaTeX Font Info:    Font shape `JY3/gt/m/it' in size <11> not available
(Font)              Font shape `JY3/gt/m/n' tried instead on input line 35.
LaTeX Font Info:    Font shape `JY3/gt/m/n' will be
(Font)              scaled to size 11.0pt on input line 35.
 [1

](load cache: extra_lmsans10-regular.luc)
LaTeX Font Info:    Font shape `JT3/gt/m/n' will be
(Font)              scaled to size 9.89993pt on input line 85.
LaTeX Font Info:    Font shape `JY3/gt/m/n' will be
(Font)              scaled to size 9.89993pt on input line 85.
LaTeX Font Info:    Font shape `JT3/gt/b/n' in size <9.89993> not available
(Font)              Font shape `JT3/gt/m/n' tried instead on input line 85.
LaTeX Font Info:    Font shape `JT3/gt/m/n' will be
(Font)              scaled to size 9.89993pt on input line 85.
LaTeX Font Info:    Font shape `JY3/gt/b/n' in size <9.89993> not available
(Font)              Font shape `JY3/gt/m/n' tried instead on input line 85.
LaTeX Font Info:    Font shape `JY3/gt/m/n' will be
(Font)              scaled to size 9.89993pt on input line 85.
LaTeX Font Info:    Font shape `JT3/gt/b/n' in size <11> not available
(Font)              Font shape `JT3/gt/m/n' tried instead on input line 112.
LaTeX Font Info:    Font shape `JT3/gt/m/n' will be
(Font)              scaled to size 11.0pt on input line 112.
LaTeX Font Info:    Font shape `JY3/gt/b/n' in size <11> not available
(Font)              Font shape `JY3/gt/m/n' tried instead on input line 112.
LaTeX Font Info:    Font shape `JY3/gt/m/n' will be
(Font)              scaled to size 11.0pt on input line 112.
 [2]
Package mdframed Info: mdframed works in twoside mode on input line 138.
Package mdframed Info: mdframed detected package amsthm 
 changed the theorem header of amsthm
(mdframed)              on input line 138.
 [3]
Package mdframed Info: mdframed works in twoside mode on input line 156.
Package mdframed Info: mdframed detected package amsthm 
 changed the theorem header of amsthm
(mdframed)              on input line 156.
 [4] [5] [6]
Package mdframed Info: mdframed works in twoside mode on input line 297.
Package mdframed Info: mdframed detected package amsthm 
 changed the theorem header of amsthm
(mdframed)              on input line 297.
(load cache: extra_lmroman8-regular.luc)
LaTeX Font Info:    Font shape `JT3/mc/m/n' will be
(Font)              scaled to size 7.69997pt on input line 299.
(load cache: extra_lmroman6-regular.luc)
LaTeX Font Info:    Font shape `JT3/mc/m/n' will be
(Font)              scaled to size 5.5pt on input line 299.
 [7]
Package mdframed Info: mdframed works in twoside mode on input line 336.
Package mdframed Info: mdframed detected package amsthm 
 changed the theorem header of amsthm
(mdframed)              on input line 336.
Package mdframed Info: mdframed works in twoside mode on input line 344.
Package mdframed Info: mdframed detected package amsthm 
 changed the theorem header of amsthm
(mdframed)              on input line 344.
) (./chapters/ch02.tex [8] [9] [10

] [11] [12]
LaTeX Font Info:    Calculating math sizes for size <9.89993> on input line 95.
LaTeX Font Info:    External font `lmex10' loaded for size
(Font)              <9.89993> on input line 95.
LaTeX Font Info:    External font `lmex10' loaded for size
(Font)              <6.92992> on input line 95.
LaTeX Font Info:    External font `lmex10' loaded for size
(Font)              <4.94997> on input line 95.
LaTeX Font Info:    Font shape `JY3/mc/m/n' will be
(Font)              scaled to size 6.92992pt on input line 95.
LaTeX Font Info:    Font shape `JY3/mc/m/n' will be
(Font)              scaled to size 4.94997pt on input line 95.
LaTeX Font Info:    Font shape `JY3/gt/m/n' will be
(Font)              scaled to size 6.92992pt on input line 95.
LaTeX Font Info:    Font shape `JY3/gt/m/n' will be
(Font)              scaled to size 4.94997pt on input line 95.
Package mdframed Info: mdframed works in twoside mode on input line 99.
Package mdframed Info: mdframed detected package amsthm 
 changed the theorem header of amsthm
(mdframed)              on input line 99.
Package mdframed Info: mdframed works in twoside mode on input line 110.
Package mdframed Info: mdframed detected package amsthm 
 changed the theorem header of amsthm
(mdframed)              on input line 110.
Package mdframed Info: mdframed works in twoside mode on input line 129.
Package mdframed Info: mdframed detected package amsthm 
 changed the theorem header of amsthm
(mdframed)              on input line 129.
Package mdframed Info: Not enough space on this page on input line 152.
 [13]
Package mdframed Info: Not enough space on this page on input line 152.
 [14]
Package mdframed Info: mdframed works in twoside mode on input line 183.
Package mdframed Info: mdframed detected package amsthm 
 changed the theorem header of amsthm
(mdframed)              on input line 183.
 [15] [16]
Package mdframed Info: mdframed works in twoside mode on input line 272.
Package mdframed Info: mdframed detected package amsthm 
 changed the theorem header of amsthm
(mdframed)              on input line 272.
 [17]
Package mdframed Info: mdframed works in twoside mode on input line 339.
Package mdframed Info: mdframed detected package amsthm 
 changed the theorem header of amsthm
(mdframed)              on input line 339.
 [18]

Package hyperref Warning: Token not allowed in a PDF string (Unicode):
(hyperref)                removing `math shift' on input line 371.


Package hyperref Warning: Token not allowed in a PDF string (Unicode):
(hyperref)                removing `math shift' on input line 371.

LaTeX Font Info:    Calculating math sizes for size <13.2> on input line 371.
LaTeX Font Info:    External font `lmex10' loaded for size
(Font)              <13.2> on input line 371.
LaTeX Font Info:    External font `lmex10' loaded for size
(Font)              <9.23994> on input line 371.
LaTeX Font Info:    External font `lmex10' loaded for size
(Font)              <6.59999> on input line 371.
LaTeX Font Info:    Font shape `JY3/mc/m/n' will be
(Font)              scaled to size 9.23994pt on input line 371.
LaTeX Font Info:    Font shape `JY3/mc/m/n' will be
(Font)              scaled to size 6.59999pt on input line 371.
LaTeX Font Info:    Font shape `JY3/gt/m/n' will be
(Font)              scaled to size 9.23994pt on input line 371.
LaTeX Font Info:    Font shape `JY3/gt/m/n' will be
(Font)              scaled to size 6.59999pt on input line 371.
[19]
Package mdframed Info: mdframed works in twoside mode on input line 412.
Package mdframed Info: mdframed detected package amsthm 
 changed the theorem header of amsthm
(mdframed)              on input line 412.
Package mdframed Info: mdframed works in twoside mode on input line 445.
Package mdframed Info: mdframed detected package amsthm 
 changed the theorem header of amsthm
(mdframed)              on input line 445.
 [20]
Package mdframed Info: mdframed works in twoside mode on input line 457.
Package mdframed Info: mdframed detected package amsthm 
 changed the theorem header of amsthm
(mdframed)              on input line 457.
 [21]
Package mdframed Info: mdframed works in twoside mode on input line 522.
Package mdframed Info: mdframed detected package amsthm 
 changed the theorem header of amsthm
(mdframed)              on input line 522.
 [22]
Package mdframed Info: mdframed works in twoside mode on input line 546.
Package mdframed Info: mdframed detected package amsthm 
 changed the theorem header of amsthm
(mdframed)              on input line 546.
Package mdframed Info: mdframed works in twoside mode on input line 563.
Package mdframed Info: mdframed detected package amsthm 
 changed the theorem header of amsthm
(mdframed)              on input line 563.
Package mdframed Info: mdframed works in twoside mode on input line 612.
Package mdframed Info: mdframed detected package amsthm 
 changed the theorem header of amsthm
(mdframed)              on input line 612.
 [23]
Package mdframed Info: Not enough space on this page on input line 644.
 [24]
Package mdframed Info: mdframed works in twoside mode on input line 659.
Package mdframed Info: mdframed detected package amsthm 
 changed the theorem header of amsthm
(mdframed)              on input line 659.
 [25] [26] [27]) (./chapters/ch03.tex [28] [29

]
Package mdframed Info: mdframed works in twoside mode on input line 55.
Package mdframed Info: mdframed detected package amsthm 
 changed the theorem header of amsthm
(mdframed)              on input line 55.
Package mdframed Info: mdframed works in twoside mode on input line 78.
Package mdframed Info: mdframed detected package amsthm 
 changed the theorem header of amsthm
(mdframed)              on input line 78.
 [30]
Package mdframed Info: Not enough space on this page on input line 86.
Package mdframed Info: mdframed works in twoside mode on input line 109.
Package mdframed Info: mdframed detected package amsthm 
 changed the theorem header of amsthm
(mdframed)              on input line 109.
 [31]
Package mdframed Info: mdframed works in twoside mode on input line 172.
Package mdframed Info: mdframed detected package amsthm 
 changed the theorem header of amsthm
(mdframed)              on input line 172.
 [32]
Package mdframed Info: mdframed works in twoside mode on input line 224.
Package mdframed Info: mdframed detected package amsthm 
 changed the theorem header of amsthm
(mdframed)              on input line 224.
 [33]
Package mdframed Info: Not enough space on this page on input line 227.
 [34]
Package mdframed Info: mdframed works in twoside mode on input line 281.
Package mdframed Info: mdframed detected package amsthm 
 changed the theorem header of amsthm
(mdframed)              on input line 281.
Package mdframed Info: mdframed works in twoside mode on input line 306.
Package mdframed Info: mdframed detected package amsthm 
 changed the theorem header of amsthm
(mdframed)              on input line 306.
 [35]
Package mdframed Info: mdframed works in twoside mode on input line 329.
Package mdframed Info: mdframed detected package amsthm 
 changed the theorem header of amsthm
(mdframed)              on input line 329.
Package mdframed Info: mdframed works in twoside mode on input line 342.
Package mdframed Info: mdframed detected package amsthm 
 changed the theorem header of amsthm
(mdframed)              on input line 342.
Package mdframed Info: mdframed works in twoside mode on input line 358.
Package mdframed Info: mdframed detected package amsthm 
 changed the theorem header of amsthm
(mdframed)              on input line 358.
 [36]
Package mdframed Info: mdframed works in twoside mode on input line 394.
Package mdframed Info: mdframed detected package amsthm 
 changed the theorem header of amsthm
(mdframed)              on input line 394.
Package mdframed Info: mdframed works in twoside mode on input line 403.
Package mdframed Info: mdframed detected package amsthm 
 changed the theorem header of amsthm
(mdframed)              on input line 403.
 [37]
Package mdframed Info: mdframed works in twoside mode on input line 428.
Package mdframed Info: mdframed detected package amsthm 
 changed the theorem header of amsthm
(mdframed)              on input line 428.
Package mdframed Info: mdframed works in twoside mode on input line 438.
Package mdframed Info: mdframed detected package amsthm 
 changed the theorem header of amsthm
(mdframed)              on input line 438.
Package mdframed Info: mdframed works in twoside mode on input line 453.
Package mdframed Info: mdframed detected package amsthm 
 changed the theorem header of amsthm
(mdframed)              on input line 453.
 [38]
Package mdframed Info: mdframed works in twoside mode on input line 460.
Package mdframed Info: mdframed detected package amsthm 
 changed the theorem header of amsthm
(mdframed)              on input line 460.
Package mdframed Info: mdframed works in twoside mode on input line 485.
Package mdframed Info: mdframed detected package amsthm 
 changed the theorem header of amsthm
(mdframed)              on input line 485.
Package mdframed Info: mdframed works in twoside mode on input line 494.
Package mdframed Info: mdframed detected package amsthm 
 changed the theorem header of amsthm
(mdframed)              on input line 494.
 [39]
Package mdframed Info: mdframed works in twoside mode on input line 536.
Package mdframed Info: mdframed detected package amsthm 
 changed the theorem header of amsthm
(mdframed)              on input line 536.
 [40] [41] [42] [43] [44] [45] [46]) (./chapters/ch04.tex [47] [48

]
Package mdframed Info: mdframed works in twoside mode on input line 32.
Package mdframed Info: mdframed detected package amsthm 
 changed the theorem header of amsthm
(mdframed)              on input line 32.
 [49]
Package mdframed Info: mdframed works in twoside mode on input line 48.
Package mdframed Info: mdframed detected package amsthm 
 changed the theorem header of amsthm
(mdframed)              on input line 48.
Package mdframed Info: mdframed works in twoside mode on input line 71.
Package mdframed Info: mdframed detected package amsthm 
 changed the theorem header of amsthm
(mdframed)              on input line 71.
 [50]
Package mdframed Info: mdframed works in twoside mode on input line 118.
Package mdframed Info: mdframed detected package amsthm 
 changed the theorem header of amsthm
(mdframed)              on input line 118.
Package mdframed Info: mdframed works in twoside mode on input line 131.
Package mdframed Info: mdframed detected package amsthm 
 changed the theorem header of amsthm
(mdframed)              on input line 131.
 [51]
Package mdframed Info: mdframed works in twoside mode on input line 161.
Package mdframed Info: mdframed detected package amsthm 
 changed the theorem header of amsthm
(mdframed)              on input line 161.
 [52]
Package mdframed Info: mdframed works in twoside mode on input line 211.
Package mdframed Info: mdframed detected package amsthm 
 changed the theorem header of amsthm
(mdframed)              on input line 211.
Package mdframed Info: mdframed works in twoside mode on input line 227.
Package mdframed Info: mdframed detected package amsthm 
 changed the theorem header of amsthm
(mdframed)              on input line 227.
 [53]
Package mdframed Info: Not enough space on this page on input line 230.
Package mdframed Info: mdframed works in twoside mode on input line 232.
Package mdframed Info: mdframed detected package amsthm 
 changed the theorem header of amsthm
(mdframed)              on input line 232.
Package mdframed Info: mdframed works in twoside mode on input line 245.
Package mdframed Info: mdframed detected package amsthm 
 changed the theorem header of amsthm
(mdframed)              on input line 245.
 [54] [55]
Package mdframed Info: mdframed works in twoside mode on input line 347.
Package mdframed Info: mdframed detected package amsthm 
 changed the theorem header of amsthm
(mdframed)              on input line 347.
 [56]
Package mdframed Info: mdframed works in twoside mode on input line 399.
Package mdframed Info: mdframed detected package amsthm 
 changed the theorem header of amsthm
(mdframed)              on input line 399.
 [57]
Package mdframed Info: mdframed works in twoside mode on input line 457.
Package mdframed Info: mdframed detected package amsthm 
 changed the theorem header of amsthm
(mdframed)              on input line 457.
 [58]
Package mdframed Info: mdframed works in twoside mode on input line 505.
Package mdframed Info: mdframed detected package amsthm 
 changed the theorem header of amsthm
(mdframed)              on input line 505.
 [59]
Package mdframed Info: mdframed works in twoside mode on input line 565.
Package mdframed Info: mdframed detected package amsthm 
 changed the theorem header of amsthm
(mdframed)              on input line 565.
 [60]
Package mdframed Info: Not enough space on this page on input line 572.
Package mdframed Info: mdframed works in twoside mode on input line 580.
Package mdframed Info: mdframed detected package amsthm 
 changed the theorem header of amsthm
(mdframed)              on input line 580.
Package mdframed Info: mdframed works in twoside mode on input line 598.
Package mdframed Info: mdframed detected package amsthm 
 changed the theorem header of amsthm
(mdframed)              on input line 598.
Package mdframed Info: Box was splittet wrong
 starting loop to iterate the splitting point
(mdframed)              on input line 616.
 [61]
Package mdframed Info: mdframed works in twoside mode on input line 639.
Package mdframed Info: mdframed detected package amsthm 
 changed the theorem header of amsthm
(mdframed)              on input line 639.
 [62] [63] [64]) (./chapters/ch05.tex [65] [66

] [67] [68] [69]

Package tcolorbox Warning: Using nobreak failed. Try to enlarge `lines before break' or set page breaks manually on input line 145.

Package mdframed Info: mdframed works in twoside mode on input line 153.
Package mdframed Info: mdframed detected package amsthm 
 changed the theorem header of amsthm
(mdframed)              on input line 153.
[70]
Package mdframed Info: mdframed works in twoside mode on input line 234.
Package mdframed Info: mdframed detected package amsthm 
 changed the theorem header of amsthm
(mdframed)              on input line 234.
 [71]
Package mdframed Info: Not enough space on this page on input line 251.
Package mdframed Info: mdframed works in twoside mode on input line 257.
Package mdframed Info: mdframed detected package amsthm 
 changed the theorem header of amsthm
(mdframed)              on input line 257.
(load cache: extra_lmroman7-regular.luc)
LaTeX Font Info:    Font shape `JT3/mc/m/n' will be
(Font)              scaled to size 6.92992pt on input line 264.
(load cache: extra_lmroman9-italic.luc)
LaTeX Font Info:    Font shape `JT3/mc/m/it' in size <8.80003> not available
(Font)              Font shape `JT3/mc/m/n' tried instead on input line 275.
LaTeX Font Info:    Font shape `JT3/mc/m/n' will be
(Font)              scaled to size 8.80003pt on input line 275.
LaTeX Font Info:    Font shape `JY3/mc/m/it' in size <8.80003> not available
(Font)              Font shape `JY3/mc/m/n' tried instead on input line 275.
LaTeX Font Info:    Font shape `JY3/mc/m/n' will be
(Font)              scaled to size 8.80003pt on input line 275.
 [72]

Package hyperref Warning: Token not allowed in a PDF string (Unicode):
(hyperref)                removing `math shift' on input line 320.


Package hyperref Warning: Token not allowed in a PDF string (Unicode):
(hyperref)                removing `math shift' on input line 320.

[73]
Package mdframed Info: mdframed works in twoside mode on input line 376.
Package mdframed Info: mdframed detected package amsthm 
 changed the theorem header of amsthm
(mdframed)              on input line 376.
 [74]
Package mdframed Info: mdframed works in twoside mode on input line 422.
Package mdframed Info: mdframed detected package amsthm 
 changed the theorem header of amsthm
(mdframed)              on input line 422.
 [75]
LaTeX Font Info:    Calculating math sizes for size <8.80003> on input line 502.
LaTeX Font Info:    External font `lmex10' loaded for size
(Font)              <8.80003> on input line 502.
LaTeX Font Info:    External font `lmex10' loaded for size
(Font)              <6.15999> on input line 502.
LaTeX Font Info:    External font `lmex10' loaded for size
(Font)              <4.40001> on input line 502.
LaTeX Font Info:    Font shape `JY3/mc/m/n' will be
(Font)              scaled to size 6.15999pt on input line 502.
LaTeX Font Info:    Font shape `JY3/mc/m/n' will be
(Font)              scaled to size 4.40001pt on input line 502.
LaTeX Font Info:    Font shape `JY3/gt/m/n' will be
(Font)              scaled to size 8.80003pt on input line 502.
LaTeX Font Info:    Font shape `JY3/gt/m/n' will be
(Font)              scaled to size 6.15999pt on input line 502.
LaTeX Font Info:    Font shape `JY3/gt/m/n' will be
(Font)              scaled to size 4.40001pt on input line 502.
 [76] [77]
Package mdframed Info: mdframed works in twoside mode on input line 605.
Package mdframed Info: mdframed detected package amsthm 
 changed the theorem header of amsthm
(mdframed)              on input line 605.
 [78]
Package mdframed Info: mdframed works in twoside mode on input line 627.
Package mdframed Info: mdframed detected package amsthm 
 changed the theorem header of amsthm
(mdframed)              on input line 627.
LaTeX Font Info:    Font shape `JT3/mc/m/it' in size <11> not available
(Font)              Font shape `JT3/mc/m/n' tried instead on input line 642.
LaTeX Font Info:    Font shape `JT3/mc/m/n' will be
(Font)              scaled to size 11.0pt on input line 642.
LaTeX Font Info:    Font shape `JY3/mc/m/it' in size <11> not available
(Font)              Font shape `JY3/mc/m/n' tried instead on input line 642.
LaTeX Font Info:    Font shape `JY3/mc/m/n' will be
(Font)              scaled to size 11.0pt on input line 642.
LaTeX Font Info:    Font shape `JT3/gt/bx/n' in size <11> not available
(Font)              Font shape `JT3/gt/m/n' tried instead on input line 642.
LaTeX Font Info:    Font shape `JT3/gt/m/n' will be
(Font)              scaled to size 11.0pt on input line 642.
LaTeX Font Info:    Font shape `JY3/gt/bx/n' in size <11> not available
(Font)              Font shape `JY3/gt/m/n' tried instead on input line 642.
LaTeX Font Info:    Font shape `JY3/gt/m/n' will be
(Font)              scaled to size 11.0pt on input line 642.
Package mdframed Info: mdframed works in twoside mode on input line 666.
Package mdframed Info: mdframed detected package amsthm 
 changed the theorem header of amsthm
(mdframed)              on input line 666.
 [79]
Package mdframed Info: Not enough space on this page on input line 673.
 [80]
Package mdframed Info: mdframed works in twoside mode on input line 736.
Package mdframed Info: mdframed detected package amsthm 
 changed the theorem header of amsthm
(mdframed)              on input line 736.
Package mdframed Info: mdframed works in twoside mode on input line 761.
Package mdframed Info: mdframed detected package amsthm 
 changed the theorem header of amsthm
(mdframed)              on input line 761.
 [81] [82] [83]
Package mdframed Info: mdframed works in twoside mode on input line 915.
Package mdframed Info: mdframed detected package amsthm 
 changed the theorem header of amsthm
(mdframed)              on input line 915.
Package mdframed Info: mdframed works in twoside mode on input line 922.
Package mdframed Info: mdframed detected package amsthm 
 changed the theorem header of amsthm
(mdframed)              on input line 922.
Package mdframed Info: mdframed works in twoside mode on input line 929.
Package mdframed Info: mdframed detected package amsthm 
 changed the theorem header of amsthm
(mdframed)              on input line 929.
 [84] [85]) (./chapters/ch06.tex [86]
Package mdframed Info: mdframed works in twoside mode on input line 35.
Package mdframed Info: mdframed detected package amsthm 
 changed the theorem header of amsthm
(mdframed)              on input line 35.
 [87

] [88] [89]
Package mdframed Info: mdframed works in twoside mode on input line 164.
Package mdframed Info: mdframed detected package amsthm 
 changed the theorem header of amsthm
(mdframed)              on input line 164.
Package mdframed Info: Not enough space on this page on input line 167.
 [90]
Package mdframed Info: Not enough space on this page on input line 167.
Package mdframed Info: mdframed works in twoside mode on input line 192.
Package mdframed Info: mdframed detected package amsthm 
 changed the theorem header of amsthm
(mdframed)              on input line 192.


Package hyperref Warning: Token not allowed in a PDF string (Unicode):
(hyperref)                removing `math shift' on input line 208.


Package hyperref Warning: Token not allowed in a PDF string (Unicode):
(hyperref)                removing `math shift' on input line 208.

[91] [92] [93] [94]
Package mdframed Info: mdframed works in twoside mode on input line 418.
Package mdframed Info: mdframed detected package amsthm 
 changed the theorem header of amsthm
(mdframed)              on input line 418.
 [95]
Package mdframed Info: Not enough space on this page on input line 423.
 [96] [97] [98]
Package mdframed Info: mdframed works in twoside mode on input line 598.
Package mdframed Info: mdframed detected package amsthm 
 changed the theorem header of amsthm
(mdframed)              on input line 598.
) (./chapters/ch07.tex [99] [100

] [101]
Package mdframed Info: mdframed works in twoside mode on input line 77.
Package mdframed Info: mdframed detected package amsthm 
 changed the theorem header of amsthm
(mdframed)              on input line 77.
Package mdframed Info: mdframed works in twoside mode on input line 93.
Package mdframed Info: mdframed detected package amsthm 
 changed the theorem header of amsthm
(mdframed)              on input line 93.
Package mdframed Info: Not enough space on this page on input line 103.
 [102]
Package mdframed Info: Not enough space on this page on input line 103.
Package mdframed Info: mdframed works in twoside mode on input line 147.
Package mdframed Info: mdframed detected package amsthm 
 changed the theorem header of amsthm
(mdframed)              on input line 147.
 [103] [104]
Package mdframed Info: mdframed works in twoside mode on input line 211.
Package mdframed Info: mdframed detected package amsthm 
 changed the theorem header of amsthm
(mdframed)              on input line 211.
 [105]
Package mdframed Info: mdframed works in twoside mode on input line 263.
Package mdframed Info: mdframed detected package amsthm 
 changed the theorem header of amsthm
(mdframed)              on input line 263.
Package mdframed Info: mdframed works in twoside mode on input line 278.
Package mdframed Info: mdframed detected package amsthm 
 changed the theorem header of amsthm
(mdframed)              on input line 278.
Package mdframed Info: mdframed works in twoside mode on input line 298.
Package mdframed Info: mdframed detected package amsthm 
 changed the theorem header of amsthm
(mdframed)              on input line 298.
 [106]
Package mdframed Info: mdframed works in twoside mode on input line 304.
Package mdframed Info: mdframed detected package amsthm 
 changed the theorem header of amsthm
(mdframed)              on input line 304.
 [107]
Package mdframed Info: mdframed works in twoside mode on input line 365.
Package mdframed Info: mdframed detected package amsthm 
 changed the theorem header of amsthm
(mdframed)              on input line 365.
 [108] [109] [110] [111]
Package mdframed Info: mdframed works in twoside mode on input line 542.
Package mdframed Info: mdframed detected package amsthm 
 changed the theorem header of amsthm
(mdframed)              on input line 542.
 [112] [113] [114] [115
warning  (pdf backend): ignoring duplicate destination with the name 'equation.7.33'
] [116]) (./chapters/ch08.tex [117] [118

]
Package mdframed Info: mdframed works in twoside mode on input line 11.
Package mdframed Info: mdframed detected package amsthm 
 changed the theorem header of amsthm
(mdframed)              on input line 11.
Package mdframed Info: mdframed works in twoside mode on input line 20.
Package mdframed Info: mdframed detected package amsthm 
 changed the theorem header of amsthm
(mdframed)              on input line 20.
 [119]
Package mdframed Info: mdframed works in twoside mode on input line 44.
Package mdframed Info: mdframed detected package amsthm 
 changed the theorem header of amsthm
(mdframed)              on input line 44.
Package mdframed Info: mdframed works in twoside mode on input line 55.
Package mdframed Info: mdframed detected package amsthm 
 changed the theorem header of amsthm
(mdframed)              on input line 55.
Package mdframed Info: mdframed works in twoside mode on input line 77.
Package mdframed Info: mdframed detected package amsthm 
 changed the theorem header of amsthm
(mdframed)              on input line 77.
 [120]
Package mdframed Info: mdframed works in twoside mode on input line 93.
Package mdframed Info: mdframed detected package amsthm 
 changed the theorem header of amsthm
(mdframed)              on input line 93.
Package mdframed Info: mdframed works in twoside mode on input line 137.
Package mdframed Info: mdframed detected package amsthm 
 changed the theorem header of amsthm
(mdframed)              on input line 137.
 [121]
Package mdframed Info: Not enough space on this page on input line 140.
 [122]
Package mdframed Info: mdframed works in twoside mode on input line 187.
Package mdframed Info: mdframed detected package amsthm 
 changed the theorem header of amsthm
(mdframed)              on input line 187.
Package mdframed Info: mdframed works in twoside mode on input line 202.
Package mdframed Info: mdframed detected package amsthm 
 changed the theorem header of amsthm
(mdframed)              on input line 202.
Package mdframed Info: mdframed works in twoside mode on input line 217.
Package mdframed Info: mdframed detected package amsthm 
 changed the theorem header of amsthm
(mdframed)              on input line 217.
 [123]
Package mdframed Info: mdframed works in twoside mode on input line 226.
Package mdframed Info: mdframed detected package amsthm 
 changed the theorem header of amsthm
(mdframed)              on input line 226.
 [124]
Package mdframed Info: mdframed works in twoside mode on input line 286.
Package mdframed Info: mdframed detected package amsthm 
 changed the theorem header of amsthm
(mdframed)              on input line 286.
Package mdframed Info: mdframed works in twoside mode on input line 305.
Package mdframed Info: mdframed detected package amsthm 
 changed the theorem header of amsthm
(mdframed)              on input line 305.
 [125]
Package mdframed Info: mdframed works in twoside mode on input line 326.
Package mdframed Info: mdframed detected package amsthm 
 changed the theorem header of amsthm
(mdframed)              on input line 326.
Package mdframed Info: mdframed works in twoside mode on input line 349.
Package mdframed Info: mdframed detected package amsthm 
 changed the theorem header of amsthm
(mdframed)              on input line 349.
 [126]
Package mdframed Info: mdframed works in twoside mode on input line 370.
Package mdframed Info: mdframed detected package amsthm 
 changed the theorem header of amsthm
(mdframed)              on input line 370.
 [127] [128]
Package mdframed Info: mdframed works in twoside mode on input line 478.
Package mdframed Info: mdframed detected package amsthm 
 changed the theorem header of amsthm
(mdframed)              on input line 478.
Package mdframed Info: mdframed works in twoside mode on input line 501.
Package mdframed Info: mdframed detected package amsthm 
 changed the theorem header of amsthm
(mdframed)              on input line 501.
 [129]
Package mdframed Info: mdframed works in twoside mode on input line 535.
Package mdframed Info: mdframed detected package amsthm 
 changed the theorem header of amsthm
(mdframed)              on input line 535.
 [130] [131] [132]) (./chapters/ch09.tex [133] [134

]
Package mdframed Info: mdframed works in twoside mode on input line 28.
Package mdframed Info: mdframed detected package amsthm 
 changed the theorem header of amsthm
(mdframed)              on input line 28.
Package mdframed Info: mdframed works in twoside mode on input line 41.
Package mdframed Info: mdframed detected package amsthm 
 changed the theorem header of amsthm
(mdframed)              on input line 41.
 [135]
Package mdframed Info: Not enough space on this page on input line 45.
Package mdframed Info: mdframed works in twoside mode on input line 51.
Package mdframed Info: mdframed detected package amsthm 
 changed the theorem header of amsthm
(mdframed)              on input line 51.
 [136]
Package mdframed Info: mdframed works in twoside mode on input line 84.
Package mdframed Info: mdframed detected package amsthm 
 changed the theorem header of amsthm
(mdframed)              on input line 84.
Package mdframed Info: mdframed works in twoside mode on input line 112.
Package mdframed Info: mdframed detected package amsthm 
 changed the theorem header of amsthm
(mdframed)              on input line 112.
 [137]
Package mdframed Info: mdframed works in twoside mode on input line 141.
Package mdframed Info: mdframed detected package amsthm 
 changed the theorem header of amsthm
(mdframed)              on input line 141.
 [138] [139] [140] [141] [142]
Package mdframed Info: mdframed works in twoside mode on input line 354.
Package mdframed Info: mdframed detected package amsthm 
 changed the theorem header of amsthm
(mdframed)              on input line 354.
 [143]) (./chapters/ch10.tex [144]
Package mdframed Info: mdframed works in twoside mode on input line 27.
Package mdframed Info: mdframed detected package amsthm 
 changed the theorem header of amsthm
(mdframed)              on input line 27.
 [145

]
Package mdframed Info: mdframed works in twoside mode on input line 65.
Package mdframed Info: mdframed detected package amsthm 
 changed the theorem header of amsthm
(mdframed)              on input line 65.
 [146]
Package mdframed Info: mdframed works in twoside mode on input line 103.
Package mdframed Info: mdframed detected package amsthm 
 changed the theorem header of amsthm
(mdframed)              on input line 103.
 [147]
Package mdframed Info: mdframed works in twoside mode on input line 172.
Package mdframed Info: mdframed detected package amsthm 
 changed the theorem header of amsthm
(mdframed)              on input line 172.
 [148]
Package mdframed Info: mdframed works in twoside mode on input line 230.
Package mdframed Info: mdframed detected package amsthm 
 changed the theorem header of amsthm
(mdframed)              on input line 230.
 [149]
Package mdframed Info: mdframed works in twoside mode on input line 307.
Package mdframed Info: mdframed detected package amsthm 
 changed the theorem header of amsthm
(mdframed)              on input line 307.
 [150]
Package mdframed Info: Not enough space on this page on input line 309.
 [151] [152] [153]
Package mdframed Info: mdframed works in twoside mode on input line 457.
Package mdframed Info: mdframed detected package amsthm 
 changed the theorem header of amsthm
(mdframed)              on input line 457.
 [154] [155] [156] [157] [158]) (./chapters/ch11.tex [159] [160

] [161] [162]

Package hyperref Warning: Token not allowed in a PDF string (Unicode):
(hyperref)                removing `math shift' on input line 129.


Package hyperref Warning: Token not allowed in a PDF string (Unicode):
(hyperref)                removing `math shift' on input line 129.

[163] [164]
Package mdframed Info: mdframed works in twoside mode on input line 254.
Package mdframed Info: mdframed detected package amsthm 
 changed the theorem header of amsthm
(mdframed)              on input line 254.
Package mdframed Info: Not enough space on this page on input line 261.
 [165]
Package mdframed Info: Not enough space on this page on input line 261.
 [166]
Package mdframed Info: mdframed works in twoside mode on input line 338.
Package mdframed Info: mdframed detected package amsthm 
 changed the theorem header of amsthm
(mdframed)              on input line 338.
 [167] [168] [169] [170] [171]) (./chapters/ch12.tex [172] [173

]
Package mdframed Info: mdframed works in twoside mode on input line 59.
Package mdframed Info: mdframed detected package amsthm 
 changed the theorem header of amsthm
(mdframed)              on input line 59.
Package mdframed Info: mdframed works in twoside mode on input line 70.
Package mdframed Info: mdframed detected package amsthm 
 changed the theorem header of amsthm
(mdframed)              on input line 70.
Package mdframed Info: mdframed works in twoside mode on input line 85.
Package mdframed Info: mdframed detected package amsthm 
 changed the theorem header of amsthm
(mdframed)              on input line 85.
Package mdframed Info: Box was splittet wrong
 starting loop to iterate the splitting point
(mdframed)              on input line 97.
 [174] [175]

Package hyperref Warning: Token not allowed in a PDF string (Unicode):
(hyperref)                removing `math shift' on input line 184.


Package hyperref Warning: Token not allowed in a PDF string (Unicode):
(hyperref)                removing `math shift' on input line 184.

[176] [177] [178] [179]
Package mdframed Info: mdframed works in twoside mode on input line 377.
Package mdframed Info: mdframed detected package amsthm 
 changed the theorem header of amsthm
(mdframed)              on input line 377.
 [180]
Package mdframed Info: mdframed works in twoside mode on input line 468.
Package mdframed Info: mdframed detected package amsthm 
 changed the theorem header of amsthm
(mdframed)              on input line 468.
 [181]
Package mdframed Info: Not enough space on this page on input line 478.
 [182]

Package hyperref Warning: Token not allowed in a PDF string (Unicode):
(hyperref)                removing `math shift' on input line 519.


Package hyperref Warning: Token not allowed in a PDF string (Unicode):
(hyperref)                removing `\Delta' on input line 519.


Package hyperref Warning: Token not allowed in a PDF string (Unicode):
(hyperref)                removing `math shift' on input line 519.


Package hyperref Warning: Token not allowed in a PDF string (Unicode):
(hyperref)                removing `math shift' on input line 519.


Package hyperref Warning: Token not allowed in a PDF string (Unicode):
(hyperref)                removing `\Gamma' on input line 519.


Package hyperref Warning: Token not allowed in a PDF string (Unicode):
(hyperref)                removing `math shift' on input line 519.

Package mdframed Info: mdframed works in twoside mode on input line 520.
Package mdframed Info: mdframed detected package amsthm 
 changed the theorem header of amsthm
(mdframed)              on input line 520.
Package mdframed Info: mdframed works in twoside mode on input line 534.
Package mdframed Info: mdframed detected package amsthm 
 changed the theorem header of amsthm
(mdframed)              on input line 534.

Package hyperref Warning: Token not allowed in a PDF string (Unicode):
(hyperref)                removing `math shift' on input line 561.


Package hyperref Warning: Token not allowed in a PDF string (Unicode):
(hyperref)                removing `\Theta' on input line 561.


Package hyperref Warning: Token not allowed in a PDF string (Unicode):
(hyperref)                removing `math shift' on input line 561.

Package mdframed Info: mdframed works in twoside mode on input line 562.
Package mdframed Info: mdframed detected package amsthm 
 changed the theorem header of amsthm
(mdframed)              on input line 562.
[183]
Package mdframed Info: Not enough space on this page on input line 572.


Package hyperref Warning: Token not allowed in a PDF string (Unicode):
(hyperref)                removing `math shift' on input line 585.


Package hyperref Warning: Token not allowed in a PDF string (Unicode):
(hyperref)                removing `\rho' on input line 585.


Package hyperref Warning: Token not allowed in a PDF string (Unicode):
(hyperref)                removing `math shift' on input line 585.


Package hyperref Warning: Token not allowed in a PDF string (Unicode):
(hyperref)                removing `math shift' on input line 585.


Package hyperref Warning: Token not allowed in a PDF string (Unicode):
(hyperref)                removing `math shift' on input line 585.

[184] [185] [186] [187]) [188] [189] (./main.aux)
 ***********
LaTeX2e <2026-06-01>
L3 programming layer <2026-06-18>
 ***********
Package rerunfilecheck Info: File `main.out' has not changed.
(rerunfilecheck)             Checksum: 8D28299843486900A75FA8AB6B5B91FC;40453.
)

Here is how much of LuaTeX's memory you used:
 49585 strings out of 475704
 305854,1977958 words of node,token memory allocated
 36893 words of node memory still in use:
   36 hlist, 2 vlist, 18 rule, 19 glue, 4 kern, 5 penalty, 6 sub_mlist, 2 glyph, 16153 attribute, 95 glue_spec, 1500 attribute_list, 2 write, 39 user_defined, 24 pdf_literal, 2 pdf_action, 24 pdf_colorstack nodes
   avail lists: 1:45,2:71036,3:1640,4:860,5:721,6:117,7:6277,8:96,9:2569,10:42,11:34
 69934 multiletter control sequences out of 65536+600000
 200 fonts using 156055311 bytes
 119i,16n,112p,2040b,2192s stack positions out of 10000i,1000n,20000p,200000b,200000s
{/Users/hasegawalab_mac/Library/TinyTeX/texmf-dist/fonts/enc/dvips/lm/lm-mathsy.enc}{/Users/hasegawalab_mac/Library/TinyTeX/texmf-dist/fonts/enc/dvips/lm/lm-rm.enc}{/Users/hasegawalab_mac/Library/TinyTeX/texmf-dist/fonts/enc/dvips/lm/lm-mathit.enc}</Users/hasegawalab_mac/Library/TinyTeX/texmf-dist/fonts/opentype/public/lm/lmroman9-regular.otf></Users/hasegawalab_mac/Library/TinyTeX/texmf-dist/fonts/opentype/public/lm/lmroman7-regular.otf></Users/hasegawalab_mac/Library/TinyTeX/texmf-dist/fonts/opentype/public/lm/lmroman8-regular.otf>{/Users/hasegawalab_mac/Library/TinyTeX/texmf-dist/fonts/enc/dvips/lm/lm-mathex.enc}</Users/hasegawalab_mac/Library/TinyTeX/texmf-dist/fonts/opentype/public/lm/lmroman12-bold.otf></Users/hasegawalab_mac/Library/TinyTeX/texmf-dist/fonts/opentype/public/lm/lmsans10-bold.otf></Users/hasegawalab_mac/Library/TinyTeX/texmf-dist/fonts/opentype/public/lm/lmroman10-regular.otf></Users/hasegawalab_mac/Library/TinyTeX/texmf-dist/fonts/opentype/public/haranoaji/HaranoAjiGothic-Medium.otf></Users/hasegawalab_mac/Library/TinyTeX/texmf-dist/fonts/opentype/public/lm/lmroman12-regular.otf></Users/hasegawalab_mac/Library/TinyTeX/texmf-dist/fonts/opentype/public/lm/lmroman17-regular.otf></Users/hasegawalab_mac/Library/TinyTeX/texmf-dist/fonts/opentype/public/haranoaji/HaranoAjiMincho-Regular.otf></Users/hasegawalab_mac/Library/TinyTeX/texmf-dist/fonts/type1/public/lm/lmbx12.pfb></Users/hasegawalab_mac/Library/TinyTeX/texmf-dist/fonts/type1/public/lm/lmbx9.pfb></Users/hasegawalab_mac/Library/TinyTeX/texmf-dist/fonts/type1/public/lm/lmex10.pfb></Users/hasegawalab_mac/Library/TinyTeX/texmf-dist/fonts/type1/public/lm/lmmi10.pfb></Users/hasegawalab_mac/Library/TinyTeX/texmf-dist/fonts/type1/public/lm/lmmi12.pfb></Users/hasegawalab_mac/Library/TinyTeX/texmf-dist/fonts/type1/public/lm/lmmi6.pfb></Users/hasegawalab_mac/Library/TinyTeX/texmf-dist/fonts/type1/public/lm/lmmi7.pfb></Users/hasegawalab_mac/Library/TinyTeX/texmf-dist/fonts/type1/public/lm/lmmi8.pfb></Users/hasegawalab_mac/Library/TinyTeX/texmf-dist/fonts/type1/public/lm/lmmi9.pfb></Users/hasegawalab_mac/Library/TinyTeX/texmf-dist/fonts/type1/public/lm/lmmib10.pfb></Users/hasegawalab_mac/Library/TinyTeX/texmf-dist/fonts/type1/public/lm/lmmib7.pfb></Users/hasegawalab_mac/Library/TinyTeX/texmf-dist/fonts/type1/public/lm/lmr10.pfb></Users/hasegawalab_mac/Library/TinyTeX/texmf-dist/fonts/type1/public/lm/lmr12.pfb></Users/hasegawalab_mac/Library/TinyTeX/texmf-dist/fonts/type1/public/lm/lmr6.pfb></Users/hasegawalab_mac/Library/TinyTeX/texmf-dist/fonts/type1/public/lm/lmr7.pfb></Users/hasegawalab_mac/Library/TinyTeX/texmf-dist/fonts/type1/public/lm/lmr8.pfb></Users/hasegawalab_mac/Library/TinyTeX/texmf-dist/fonts/type1/public/lm/lmr9.pfb></Users/hasegawalab_mac/Library/TinyTeX/texmf-dist/fonts/type1/public/lm/lmsy10.pfb></Users/hasegawalab_mac/Library/TinyTeX/texmf-dist/fonts/type1/public/lm/lmsy6.pfb></Users/hasegawalab_mac/Library/TinyTeX/texmf-dist/fonts/type1/public/lm/lmsy8.pfb></Users/hasegawalab_mac/Library/TinyTeX/texmf-dist/fonts/type1/public/lm/lmsy9.pfb></Users/hasegawalab_mac/Library/TinyTeX/texmf-dist/fonts/type1/public/amsfonts/symbols/msam10.pfb>
Output written on main.pdf (203 pages, 1366358 bytes).

PDF statistics: 3433 PDF objects out of 3580 (max. 8388607)
 3099 compressed objects within 31 object streams
 1212 named destinations out of 1440 (max. 1048576)
 2416 words of extra memory for PDF output out of 10000 (max. 100000000)

